0 verbose cli E:\NODEJS\node.exe E:\NODEJS\node_modules\npm\bin\npm-cli.js
1 info using npm@11.6.2
2 info using node@v24.12.0
3 silly config load:file:E:\NODEJS\node_modules\npm\npmrc
4 silly config load:file:E:\Vibe-coding\PersonalWebsite\.npmrc
5 silly config load:file:C:\Users\Shroud\.npmrc
6 silly config load:file:E:\NODEJS\node_global\etc\npmrc
7 verbose title npm install
8 verbose argv "install" "--cache" ".npm-cache-local"
9 verbose logfile logs-max:10 dir:E:\Vibe-coding\PersonalWebsite\.npm-cache-local\_logs\2026-05-03T12_50_39_941Z-
10 verbose logfile E:\Vibe-coding\PersonalWebsite\.npm-cache-local\_logs\2026-05-03T12_50_39_941Z-debug-0.log
11 silly logfile done cleaning log files
12 silly packumentCache heap:4496293888 maxSize:1124073472 maxEntrySize:562036736
13 silly idealTree buildDeps
14 silly fetch manifest @vitejs/plugin-vue@^6.0.1
15 silly packumentCache full:https://registry.npmjs.org/@vitejs%2fplugin-vue cache-miss
16 http fetch GET 200 https://registry.npmjs.org/@vitejs%2fplugin-vue 783ms (cache miss)
17 silly packumentCache full:https://registry.npmjs.org/@vitejs%2fplugin-vue set size:undefined disposed:false
18 silly fetch manifest vite@^7.1.12
19 silly packumentCache full:https://registry.npmjs.org/vite cache-miss
20 http fetch GET 200 https://registry.npmjs.org/npm 972ms
21 http fetch GET 200 https://registry.npmjs.org/vite 1631ms (cache miss)
22 silly packumentCache full:https://registry.npmjs.org/vite set size:undefined disposed:false
23 silly fetch manifest @types/node@^24.10.0
24 silly packumentCache full:https://registry.npmjs.org/@types%2fnode cache-miss
25 http fetch GET 200 https://registry.npmjs.org/@types%2fnode 539ms (cache miss)
26 silly packumentCache full:https://registry.npmjs.org/@types%2fnode set size:undefined disposed:false
27 silly fetch manifest jiti@>=1.21.0
28 silly packumentCache full:https://registry.npmjs.org/jiti cache-miss
29 http fetch GET 200 https://registry.npmjs.org/jiti 244ms (cache miss)
30 silly packumentCache full:https://registry.npmjs.org/jiti set size:undefined disposed:false
31 silly fetch manifest less@^4.0.0
32 silly packumentCache full:https://registry.npmjs.org/less cache-miss
33 http fetch GET 200 https://registry.npmjs.org/less 186ms (cache miss)
34 silly packumentCache full:https://registry.npmjs.org/less set size:undefined disposed:false
35 silly fetch manifest lightningcss@^1.21.0
36 silly packumentCache full:https://registry.npmjs.org/lightningcss cache-miss
37 http fetch GET 200 https://registry.npmjs.org/lightningcss 184ms (cache miss)
38 silly packumentCache full:https://registry.npmjs.org/lightningcss set size:undefined disposed:false
39 silly fetch manifest sass@^1.70.0
40 silly packumentCache full:https://registry.npmjs.org/sass cache-miss
41 http fetch GET 200 https://registry.npmjs.org/sass 230ms (cache miss)
42 silly packumentCache full:https://registry.npmjs.org/sass set size:undefined disposed:false
43 silly fetch manifest sass-embedded@^1.70.0
44 silly packumentCache full:https://registry.npmjs.org/sass-embedded cache-miss
45 http fetch GET 200 https://registry.npmjs.org/sass-embedded 266ms (cache miss)
46 silly packumentCache full:https://registry.npmjs.org/sass-embedded set size:undefined disposed:false
47 silly fetch manifest stylus@>=0.54.8
48 silly packumentCache full:https://registry.npmjs.org/stylus cache-miss
49 http fetch GET 200 https://registry.npmjs.org/stylus 171ms (cache miss)
50 silly packumentCache full:https://registry.npmjs.org/stylus set size:undefined disposed:false
51 silly fetch manifest sugarss@^5.0.0
52 silly packumentCache full:https://registry.npmjs.org/sugarss cache-miss
53 http fetch GET 200 https://registry.npmjs.org/sugarss 276ms (cache miss)
54 silly packumentCache full:https://registry.npmjs.org/sugarss set size:undefined disposed:false
55 silly fetch manifest postcss@^8.3.3
56 silly packumentCache full:https://registry.npmjs.org/postcss cache-miss
57 http fetch GET 200 https://registry.npmjs.org/postcss 196ms (cache miss)
58 silly packumentCache full:https://registry.npmjs.org/postcss set size:undefined disposed:false
59 silly fetch manifest terser@^5.16.0
60 silly packumentCache full:https://registry.npmjs.org/terser cache-miss
61 http fetch GET 200 https://registry.npmjs.org/terser 318ms (cache miss)
62 silly packumentCache full:https://registry.npmjs.org/terser set size:undefined disposed:false
63 silly fetch manifest tsx@^4.8.1
64 silly packumentCache full:https://registry.npmjs.org/tsx cache-miss
65 http fetch GET 200 https://registry.npmjs.org/tsx 183ms (cache miss)
66 silly packumentCache full:https://registry.npmjs.org/tsx set size:undefined disposed:false
67 silly fetch manifest yaml@^2.4.2
68 silly packumentCache full:https://registry.npmjs.org/yaml cache-miss
69 http fetch GET 200 https://registry.npmjs.org/yaml 205ms (cache miss)
70 silly packumentCache full:https://registry.npmjs.org/yaml set size:undefined disposed:false
71 silly fetch manifest vue@^3.5.22
72 silly packumentCache full:https://registry.npmjs.org/vue cache-miss
73 http fetch GET 200 https://registry.npmjs.org/vue 351ms (cache miss)
74 silly packumentCache full:https://registry.npmjs.org/vue set size:undefined disposed:false
75 silly fetch manifest typescript@~5.9.3
76 silly packumentCache full:https://registry.npmjs.org/typescript cache-miss
77 http fetch GET 200 https://registry.npmjs.org/typescript 460ms (cache miss)
78 silly packumentCache full:https://registry.npmjs.org/typescript set size:undefined disposed:false
79 silly fetch manifest vue-router@^4.6.3
80 silly packumentCache full:https://registry.npmjs.org/vue-router cache-miss
81 http fetch GET 200 https://registry.npmjs.org/vue-router 269ms (cache miss)
82 silly packumentCache full:https://registry.npmjs.org/vue-router set size:undefined disposed:false
83 silly fetch manifest @vue/tsconfig@^0.8.1
84 silly packumentCache full:https://registry.npmjs.org/@vue%2ftsconfig cache-miss
85 http fetch GET 200 https://registry.npmjs.org/@vue%2ftsconfig 265ms (cache miss)
86 silly packumentCache full:https://registry.npmjs.org/@vue%2ftsconfig set size:undefined disposed:false
87 silly fetch manifest vitest@^3.2.4
88 silly packumentCache full:https://registry.npmjs.org/vitest cache-miss
89 http fetch GET 200 https://registry.npmjs.org/vitest 534ms (cache miss)
90 silly packumentCache full:https://registry.npmjs.org/vitest set size:undefined disposed:false
91 silly fetch manifest @edge-runtime/vm@*
92 silly packumentCache full:https://registry.npmjs.org/@edge-runtime%2fvm cache-miss
93 http fetch GET 200 https://registry.npmjs.org/@edge-runtime%2fvm 257ms (cache miss)
94 silly packumentCache full:https://registry.npmjs.org/@edge-runtime%2fvm set size:undefined disposed:false
95 silly fetch manifest @types/debug@^4.1.12
96 silly packumentCache full:https://registry.npmjs.org/@types%2fdebug cache-miss
97 http fetch GET 200 https://registry.npmjs.org/@types%2fdebug 271ms (cache miss)
98 silly packumentCache full:https://registry.npmjs.org/@types%2fdebug set size:undefined disposed:false
99 silly fetch manifest @vitest/browser@3.2.4
100 silly packumentCache full:https://registry.npmjs.org/@vitest%2fbrowser cache-miss
101 http fetch GET 200 https://registry.npmjs.org/@vitest%2fbrowser 444ms (cache miss)
102 silly packumentCache full:https://registry.npmjs.org/@vitest%2fbrowser set size:undefined disposed:false
103 silly fetch manifest playwright@*
104 silly packumentCache full:https://registry.npmjs.org/playwright cache-miss
105 http fetch GET 200 https://registry.npmjs.org/playwright 533ms (cache miss)
106 silly packumentCache full:https://registry.npmjs.org/playwright set size:undefined disposed:false
107 silly fetch manifest webdriverio@^7.0.0 || ^8.0.0 || ^9.0.0
108 silly packumentCache full:https://registry.npmjs.org/webdriverio cache-miss
109 http fetch GET 200 https://registry.npmjs.org/webdriverio 282ms (cache miss)
110 silly packumentCache full:https://registry.npmjs.org/webdriverio set size:undefined disposed:false
111 silly fetch manifest puppeteer-core@>=22.x || <=24.x
112 silly packumentCache full:https://registry.npmjs.org/puppeteer-core cache-miss
113 http fetch GET 200 https://registry.npmjs.org/puppeteer-core 207ms (cache miss)
114 silly packumentCache full:https://registry.npmjs.org/puppeteer-core set size:undefined disposed:false
115 silly fetch manifest @vitest/ui@3.2.4
116 silly packumentCache full:https://registry.npmjs.org/@vitest%2fui cache-miss
117 http fetch GET 200 https://registry.npmjs.org/@vitest%2fui 314ms (cache miss)
118 silly packumentCache full:https://registry.npmjs.org/@vitest%2fui set size:undefined disposed:false
119 silly fetch manifest happy-dom@*
120 silly packumentCache full:https://registry.npmjs.org/happy-dom cache-miss
121 http fetch GET 200 https://registry.npmjs.org/happy-dom 2488ms (cache miss)
122 silly packumentCache full:https://registry.npmjs.org/happy-dom set size:undefined disposed:false
123 silly fetch manifest jsdom@*
124 silly packumentCache full:https://registry.npmjs.org/jsdom cache-miss
125 http fetch GET 200 https://registry.npmjs.org/jsdom 2699ms (cache miss)
126 silly packumentCache full:https://registry.npmjs.org/jsdom set size:undefined disposed:false
127 silly fetch manifest canvas@^3.0.0
128 silly packumentCache full:https://registry.npmjs.org/canvas cache-miss
129 http fetch GET 200 https://registry.npmjs.org/canvas 1572ms (cache miss)
130 silly packumentCache full:https://registry.npmjs.org/canvas set size:undefined disposed:false
131 silly fetch manifest vue-tsc@^3.1.1
132 silly packumentCache full:https://registry.npmjs.org/vue-tsc cache-miss
133 http fetch GET 200 https://registry.npmjs.org/vue-tsc 1422ms (cache miss)
134 silly packumentCache full:https://registry.npmjs.org/vue-tsc set size:undefined disposed:false
135 silly placeDep ROOT @types/node@24.12.2 OK for: personal-portfolio@0.1.0 want: ^24.10.0
136 silly placeDep ROOT @vitejs/plugin-vue@6.0.6 OK for: personal-portfolio@0.1.0 want: ^6.0.1
137 silly placeDep ROOT vite@7.3.2 OK for: @vitejs/plugin-vue@6.0.6 want: ^5.0.0 || ^6.0.0 || ^7.0.0 || ^8.0.0
138 silly placeDep ROOT vue@3.5.33 OK for: @vitejs/plugin-vue@6.0.6 want: ^3.2.25
139 silly placeDep ROOT @vue/tsconfig@0.8.1 OK for: personal-portfolio@0.1.0 want: ^0.8.1
140 silly placeDep ROOT typescript@5.9.3 OK for: personal-portfolio@0.1.0 want: ~5.9.3
141 silly placeDep ROOT vitest@3.2.4 OK for: personal-portfolio@0.1.0 want: ^3.2.4
142 silly placeDep ROOT vue-router@4.6.4 OK for: personal-portfolio@0.1.0 want: ^4.6.3
143 silly placeDep ROOT vue-tsc@3.2.7 OK for: personal-portfolio@0.1.0 want: ^3.1.1
144 silly fetch manifest undici-types@~7.16.0
145 silly packumentCache full:https://registry.npmjs.org/undici-types cache-miss
146 silly fetch manifest @rolldown/pluginutils@1.0.0-rc.13
147 silly packumentCache full:https://registry.npmjs.org/@rolldown%2fpluginutils cache-miss
148 silly fetch manifest @vue/shared@3.5.33
149 silly packumentCache full:https://registry.npmjs.org/@vue%2fshared cache-miss
150 silly fetch manifest @vue/compiler-dom@3.5.33
151 silly packumentCache full:https://registry.npmjs.org/@vue%2fcompiler-dom cache-miss
152 silly fetch manifest @vue/runtime-dom@3.5.33
153 silly packumentCache full:https://registry.npmjs.org/@vue%2fruntime-dom cache-miss
154 silly fetch manifest @vue/compiler-sfc@3.5.33
155 silly packumentCache full:https://registry.npmjs.org/@vue%2fcompiler-sfc cache-miss
156 silly fetch manifest @vue/server-renderer@3.5.33
157 silly packumentCache full:https://registry.npmjs.org/@vue%2fserver-renderer cache-miss
158 silly fetch manifest fdir@^6.5.0
159 silly packumentCache full:https://registry.npmjs.org/fdir cache-miss
160 silly fetch manifest rollup@^4.43.0
161 silly packumentCache full:https://registry.npmjs.org/rollup cache-miss
162 silly fetch manifest esbuild@^0.27.0
163 silly packumentCache full:https://registry.npmjs.org/esbuild cache-miss
164 silly fetch manifest postcss@^8.5.6
165 silly packumentCache full:https://registry.npmjs.org/postcss cache-miss
166 silly fetch manifest picomatch@^4.0.3
167 silly packumentCache full:https://registry.npmjs.org/picomatch cache-miss
168 silly fetch manifest tinyglobby@^0.2.15
169 silly packumentCache full:https://registry.npmjs.org/tinyglobby cache-miss
170 silly fetch manifest fsevents@~2.3.3
171 silly packumentCache full:https://registry.npmjs.org/fsevents cache-miss
172 silly fetch manifest chai@^5.2.0
173 silly packumentCache full:https://registry.npmjs.org/chai cache-miss
174 silly fetch manifest debug@^4.4.1
175 silly packumentCache full:https://registry.npmjs.org/debug cache-miss
176 silly fetch manifest pathe@^2.0.3
177 silly packumentCache full:https://registry.npmjs.org/pathe cache-miss
178 silly fetch manifest std-env@^3.9.0
179 silly packumentCache full:https://registry.npmjs.org/std-env cache-miss
180 silly fetch manifest tinyexec@^0.3.2
181 silly packumentCache full:https://registry.npmjs.org/tinyexec cache-miss
182 silly fetch manifest tinypool@^1.1.1
183 silly packumentCache full:https://registry.npmjs.org/tinypool cache-miss
184 silly fetch manifest picomatch@^4.0.2
185 silly packumentCache full:https://registry.npmjs.org/picomatch cache-miss
186 silly fetch manifest tinybench@^2.9.0
187 silly packumentCache full:https://registry.npmjs.org/tinybench cache-miss
188 silly fetch manifest vite-node@3.2.4
189 silly packumentCache full:https://registry.npmjs.org/vite-node cache-miss
190 http cache https://registry.npmjs.org/postcss 46ms (cache hit)
191 silly packumentCache full:https://registry.npmjs.org/postcss set size:717287 disposed:false
192 silly fetch manifest tinyglobby@^0.2.14
193 silly packumentCache full:https://registry.npmjs.org/tinyglobby cache-miss
194 http fetch GET 200 https://registry.npmjs.org/undici-types 1038ms (cache miss)
195 silly packumentCache full:https://registry.npmjs.org/undici-types set size:undefined disposed:false
196 silly fetch manifest @types/chai@^5.2.2
197 silly packumentCache full:https://registry.npmjs.org/@types%2fchai cache-miss
198 http fetch GET 200 https://registry.npmjs.org/@vue%2fshared 1093ms (cache miss)
199 silly packumentCache full:https://registry.npmjs.org/@vue%2fshared set size:undefined disposed:false
200 silly fetch manifest @vitest/spy@3.2.4
201 silly packumentCache full:https://registry.npmjs.org/@vitest%2fspy cache-miss
202 http fetch GET 200 https://registry.npmjs.org/pathe 2286ms (cache miss)
203 silly packumentCache full:https://registry.npmjs.org/pathe set size:undefined disposed:false
204 silly fetch manifest expect-type@^1.2.1
205 silly packumentCache full:https://registry.npmjs.org/expect-type cache-miss
206 http fetch GET 200 https://registry.npmjs.org/std-env 2346ms (cache miss)
207 silly packumentCache full:https://registry.npmjs.org/std-env set size:undefined disposed:false
208 silly fetch manifest tinyrainbow@^2.0.0
209 silly packumentCache full:https://registry.npmjs.org/tinyrainbow cache-miss
210 http fetch GET 200 https://registry.npmjs.org/tinypool 3910ms (cache miss)
211 silly packumentCache full:https://registry.npmjs.org/tinypool set size:undefined disposed:false
212 silly fetch manifest magic-string@^0.30.17
213 silly packumentCache full:https://registry.npmjs.org/magic-string cache-miss
214 http fetch GET 200 https://registry.npmjs.org/tinyexec 3962ms (cache miss)
215 silly packumentCache full:https://registry.npmjs.org/tinyexec set size:undefined disposed:false
216 silly fetch manifest @vitest/utils@3.2.4
217 silly packumentCache full:https://registry.npmjs.org/@vitest%2futils cache-miss
218 http fetch GET 200 https://registry.npmjs.org/tinybench 6051ms (cache miss)
219 silly packumentCache full:https://registry.npmjs.org/tinybench set size:undefined disposed:false
220 silly fetch manifest @vitest/expect@3.2.4
221 silly packumentCache full:https://registry.npmjs.org/@vitest%2fexpect cache-miss
222 http fetch GET 200 https://registry.npmjs.org/debug 6294ms (cache miss)
223 silly packumentCache full:https://registry.npmjs.org/debug set size:undefined disposed:false
224 silly fetch manifest @vitest/mocker@3.2.4
225 silly packumentCache full:https://registry.npmjs.org/@vitest%2fmocker cache-miss
226 http fetch GET 200 https://registry.npmjs.org/fsevents 6297ms (cache miss)
227 silly packumentCache full:https://registry.npmjs.org/fsevents set size:undefined disposed:false
228 silly fetch manifest @vitest/runner@3.2.4
229 silly packumentCache full:https://registry.npmjs.org/@vitest%2frunner cache-miss
230 http fetch GET 200 https://registry.npmjs.org/@vue%2fserver-renderer 6373ms (cache miss)
231 silly packumentCache full:https://registry.npmjs.org/@vue%2fserver-renderer set size:undefined disposed:false
232 silly fetch manifest @vitest/snapshot@3.2.4
233 silly packumentCache full:https://registry.npmjs.org/@vitest%2fsnapshot cache-miss
234 http fetch GET 200 https://registry.npmjs.org/picomatch 7204ms (cache miss)
235 silly packumentCache full:https://registry.npmjs.org/picomatch set size:undefined disposed:false
236 silly fetch manifest why-is-node-running@^2.3.0
237 silly packumentCache full:https://registry.npmjs.org/why-is-node-running cache-miss
238 http fetch GET 200 https://registry.npmjs.org/chai 7378ms (cache miss)
239 silly packumentCache full:https://registry.npmjs.org/chai set size:undefined disposed:false
240 silly fetch manifest @vitest/pretty-format@^3.2.4
241 silly packumentCache full:https://registry.npmjs.org/@vitest%2fpretty-format cache-miss
242 http fetch GET 200 https://registry.npmjs.org/vite-node 7986ms (cache miss)
243 silly packumentCache full:https://registry.npmjs.org/vite-node set size:undefined disposed:false
244 silly fetch manifest @vue/devtools-api@^6.6.4
245 silly packumentCache full:https://registry.npmjs.org/@vue%2fdevtools-api cache-miss
246 http fetch GET 200 https://registry.npmjs.org/tinyglobby 7981ms (cache miss)
247 silly packumentCache full:https://registry.npmjs.org/tinyglobby set size:undefined disposed:false
248 silly fetch manifest @volar/typescript@2.4.28
249 silly packumentCache full:https://registry.npmjs.org/@volar%2ftypescript cache-miss
250 http fetch GET 200 https://registry.npmjs.org/@types%2fchai 7028ms (cache miss)
251 silly packumentCache full:https://registry.npmjs.org/@types%2fchai set size:undefined disposed:false
252 silly fetch manifest @vue/language-core@3.2.7
253 silly packumentCache full:https://registry.npmjs.org/@vue%2flanguage-core cache-miss
254 http fetch GET 200 https://registry.npmjs.org/tinyglobby 8071ms (cache miss)
255 silly packumentCache full:https://registry.npmjs.org/tinyglobby set size:undefined disposed:false
256 http fetch GET 200 https://registry.npmjs.org/@rolldown%2fpluginutils 8115ms (cache miss)
257 silly packumentCache full:https://registry.npmjs.org/@rolldown%2fpluginutils set size:undefined disposed:false
258 http fetch GET 200 https://registry.npmjs.org/fdir 8129ms (cache miss)
259 silly packumentCache full:https://registry.npmjs.org/fdir set size:undefined disposed:false
260 http fetch GET 200 https://registry.npmjs.org/picomatch 8169ms (cache miss)
261 silly packumentCache full:https://registry.npmjs.org/picomatch set size:undefined disposed:false
262 http fetch GET 200 https://registry.npmjs.org/@vue%2fcompiler-sfc 8174ms (cache miss)
263 silly packumentCache full:https://registry.npmjs.org/@vue%2fcompiler-sfc set size:undefined disposed:false
264 http fetch GET 200 https://registry.npmjs.org/@vitest%2fspy 7096ms (cache miss)
265 silly packumentCache full:https://registry.npmjs.org/@vitest%2fspy set size:undefined disposed:false
266 http fetch GET 200 https://registry.npmjs.org/@vue%2fruntime-dom 8208ms (cache miss)
267 silly packumentCache full:https://registry.npmjs.org/@vue%2fruntime-dom set size:undefined disposed:false
268 http fetch GET 200 https://registry.npmjs.org/tinyrainbow 6113ms (cache miss)
269 silly packumentCache full:https://registry.npmjs.org/tinyrainbow set size:undefined disposed:false
270 http fetch GET 200 https://registry.npmjs.org/expect-type 6198ms (cache miss)
271 silly packumentCache full:https://registry.npmjs.org/expect-type set size:undefined disposed:false
272 http fetch GET 200 https://registry.npmjs.org/@vue%2fcompiler-dom 8532ms (cache miss)
273 silly packumentCache full:https://registry.npmjs.org/@vue%2fcompiler-dom set size:undefined disposed:false
274 http fetch GET 200 https://registry.npmjs.org/@vitest%2frunner 2359ms (cache miss)
275 silly packumentCache full:https://registry.npmjs.org/@vitest%2frunner set size:undefined disposed:false
276 http fetch GET 200 https://registry.npmjs.org/magic-string 4889ms (cache miss)
277 silly packumentCache full:https://registry.npmjs.org/magic-string set size:undefined disposed:false
278 http fetch GET 200 https://registry.npmjs.org/why-is-node-running 1608ms (cache miss)
279 silly packumentCache full:https://registry.npmjs.org/why-is-node-running set size:undefined disposed:false
280 http fetch GET 200 https://registry.npmjs.org/@vitest%2fexpect 2845ms (cache miss)
281 silly packumentCache full:https://registry.npmjs.org/@vitest%2fexpect set size:undefined disposed:false
282 http fetch GET 200 https://registry.npmjs.org/@vitest%2fsnapshot 2566ms (cache miss)
283 silly packumentCache full:https://registry.npmjs.org/@vitest%2fsnapshot set size:undefined disposed:false
284 http fetch GET 200 https://registry.npmjs.org/@vitest%2fmocker 2690ms (cache miss)
285 silly packumentCache full:https://registry.npmjs.org/@vitest%2fmocker set size:undefined disposed:false
286 http fetch GET 200 https://registry.npmjs.org/esbuild 8993ms (cache miss)
287 silly packumentCache full:https://registry.npmjs.org/esbuild set size:undefined disposed:false
288 http fetch GET 200 https://registry.npmjs.org/@vue%2fdevtools-api 1011ms (cache miss)
289 silly packumentCache full:https://registry.npmjs.org/@vue%2fdevtools-api set size:undefined disposed:false
290 http fetch GET 200 https://registry.npmjs.org/@vitest%2futils 5047ms (cache miss)
291 silly packumentCache full:https://registry.npmjs.org/@vitest%2futils set size:undefined disposed:false
292 http fetch GET 200 https://registry.npmjs.org/@volar%2ftypescript 995ms (cache miss)
293 silly packumentCache full:https://registry.npmjs.org/@volar%2ftypescript set size:undefined disposed:false
294 http fetch GET 200 https://registry.npmjs.org/@vitest%2fpretty-format 1683ms (cache miss)
295 silly packumentCache full:https://registry.npmjs.org/@vitest%2fpretty-format set size:undefined disposed:false
296 http fetch GET 200 https://registry.npmjs.org/@vue%2flanguage-core 1067ms (cache miss)
297 silly packumentCache full:https://registry.npmjs.org/@vue%2flanguage-core set size:undefined disposed:false
298 http fetch GET 200 https://registry.npmjs.org/rollup 9225ms (cache miss)
299 silly packumentCache full:https://registry.npmjs.org/rollup set size:undefined disposed:false
300 silly placeDep ROOT undici-types@7.16.0 OK for: @types/node@24.12.2 want: ~7.16.0
301 silly placeDep ROOT @rolldown/pluginutils@1.0.0-rc.13 OK for: @vitejs/plugin-vue@6.0.6 want: 1.0.0-rc.13
302 silly placeDep ROOT esbuild@0.27.7 OK for: vite@7.3.2 want: ^0.27.0
303 silly placeDep ROOT fdir@6.5.0 OK for: vite@7.3.2 want: ^6.5.0
304 silly placeDep ROOT fsevents@2.3.3 OK for: vite@7.3.2 want: ~2.3.3
305 silly placeDep ROOT picomatch@4.0.4 OK for: vite@7.3.2 want: ^4.0.3
306 silly placeDep ROOT postcss@8.5.13 OK for: vite@7.3.2 want: ^8.5.6
307 silly placeDep ROOT rollup@4.60.2 OK for: vite@7.3.2 want: ^4.43.0
308 silly placeDep ROOT tinyglobby@0.2.16 OK for: vite@7.3.2 want: ^0.2.15
309 silly fetch manifest @esbuild/aix-ppc64@0.27.7
310 silly packumentCache full:https://registry.npmjs.org/@esbuild%2faix-ppc64 cache-miss
311 silly fetch manifest @esbuild/linux-arm@0.27.7
312 silly packumentCache full:https://registry.npmjs.org/@esbuild%2flinux-arm cache-miss
313 silly fetch manifest @esbuild/linux-x64@0.27.7
314 silly packumentCache full:https://registry.npmjs.org/@esbuild%2flinux-x64 cache-miss
315 silly fetch manifest @esbuild/sunos-x64@0.27.7
316 silly packumentCache full:https://registry.npmjs.org/@esbuild%2fsunos-x64 cache-miss
317 silly fetch manifest @esbuild/win32-x64@0.27.7
318 silly packumentCache full:https://registry.npmjs.org/@esbuild%2fwin32-x64 cache-miss
319 silly fetch manifest @esbuild/darwin-x64@0.27.7
320 silly packumentCache full:https://registry.npmjs.org/@esbuild%2fdarwin-x64 cache-miss
321 silly fetch manifest @esbuild/linux-ia32@0.27.7
322 silly packumentCache full:https://registry.npmjs.org/@esbuild%2flinux-ia32 cache-miss
323 silly fetch manifest @esbuild/netbsd-x64@0.27.7
324 silly packumentCache full:https://registry.npmjs.org/@esbuild%2fnetbsd-x64 cache-miss
325 silly fetch manifest @esbuild/win32-ia32@0.27.7
326 silly packumentCache full:https://registry.npmjs.org/@esbuild%2fwin32-ia32 cache-miss
327 silly fetch manifest @esbuild/android-arm@0.27.7
328 silly packumentCache full:https://registry.npmjs.org/@esbuild%2fandroid-arm cache-miss
329 silly fetch manifest @esbuild/android-x64@0.27.7
330 silly packumentCache full:https://registry.npmjs.org/@esbuild%2fandroid-x64 cache-miss
331 silly fetch manifest @esbuild/freebsd-x64@0.27.7
332 silly packumentCache full:https://registry.npmjs.org/@esbuild%2ffreebsd-x64 cache-miss
333 silly fetch manifest @esbuild/linux-arm64@0.27.7
334 silly packumentCache full:https://registry.npmjs.org/@esbuild%2flinux-arm64 cache-miss
335 silly fetch manifest @esbuild/linux-ppc64@0.27.7
336 silly packumentCache full:https://registry.npmjs.org/@esbuild%2flinux-ppc64 cache-miss
337 silly fetch manifest @esbuild/linux-s390x@0.27.7
338 silly packumentCache full:https://registry.npmjs.org/@esbuild%2flinux-s390x cache-miss
339 silly fetch manifest @esbuild/openbsd-x64@0.27.7
340 silly packumentCache full:https://registry.npmjs.org/@esbuild%2fopenbsd-x64 cache-miss
341 silly fetch manifest @esbuild/win32-arm64@0.27.7
342 silly packumentCache full:https://registry.npmjs.org/@esbuild%2fwin32-arm64 cache-miss
343 silly fetch manifest @esbuild/darwin-arm64@0.27.7
344 silly packumentCache full:https://registry.npmjs.org/@esbuild%2fdarwin-arm64 cache-miss
345 silly fetch manifest @esbuild/netbsd-arm64@0.27.7
346 silly packumentCache full:https://registry.npmjs.org/@esbuild%2fnetbsd-arm64 cache-miss
347 silly fetch manifest @esbuild/android-arm64@0.27.7
348 silly packumentCache full:https://registry.npmjs.org/@esbuild%2fandroid-arm64 cache-miss
349 silly fetch manifest @esbuild/freebsd-arm64@0.27.7
350 silly packumentCache full:https://registry.npmjs.org/@esbuild%2ffreebsd-arm64 cache-miss
351 silly fetch manifest @esbuild/linux-loong64@0.27.7
352 silly packumentCache full:https://registry.npmjs.org/@esbuild%2flinux-loong64 cache-miss
353 silly fetch manifest @esbuild/linux-riscv64@0.27.7
354 silly packumentCache full:https://registry.npmjs.org/@esbuild%2flinux-riscv64 cache-miss
355 http fetch GET 200 https://registry.npmjs.org/@esbuild%2faix-ppc64 319ms (cache miss)
356 silly packumentCache full:https://registry.npmjs.org/@esbuild%2faix-ppc64 set size:undefined disposed:false
357 silly fetch manifest @esbuild/openbsd-arm64@0.27.7
358 silly packumentCache full:https://registry.npmjs.org/@esbuild%2fopenbsd-arm64 cache-miss
359 http fetch GET 200 https://registry.npmjs.org/@esbuild%2flinux-s390x 329ms (cache miss)
360 silly packumentCache full:https://registry.npmjs.org/@esbuild%2flinux-s390x set size:undefined disposed:false
361 silly fetch manifest @esbuild/linux-mips64el@0.27.7
362 silly packumentCache full:https://registry.npmjs.org/@esbuild%2flinux-mips64el cache-miss
363 http fetch GET 200 https://registry.npmjs.org/@esbuild%2fwin32-ia32 337ms (cache miss)
364 silly packumentCache full:https://registry.npmjs.org/@esbuild%2fwin32-ia32 set size:undefined disposed:false
365 silly fetch manifest @esbuild/openharmony-arm64@0.27.7
366 silly packumentCache full:https://registry.npmjs.org/@esbuild%2fopenharmony-arm64 cache-miss
367 http fetch GET 200 https://registry.npmjs.org/@esbuild%2fandroid-x64 339ms (cache miss)
368 silly packumentCache full:https://registry.npmjs.org/@esbuild%2fandroid-x64 set size:undefined disposed:false
369 silly fetch manifest nanoid@^3.3.11
370 silly packumentCache full:https://registry.npmjs.org/nanoid cache-miss
371 http fetch GET 200 https://registry.npmjs.org/@esbuild%2fdarwin-x64 353ms (cache miss)
372 silly packumentCache full:https://registry.npmjs.org/@esbuild%2fdarwin-x64 set size:undefined disposed:false
373 silly fetch manifest picocolors@^1.1.1
374 silly packumentCache full:https://registry.npmjs.org/picocolors cache-miss
375 http fetch GET 200 https://registry.npmjs.org/@esbuild%2fandroid-arm 358ms (cache miss)
376 silly packumentCache full:https://registry.npmjs.org/@esbuild%2fandroid-arm set size:undefined disposed:false
377 silly fetch manifest source-map-js@^1.2.1
378 silly packumentCache full:https://registry.npmjs.org/source-map-js cache-miss
379 http fetch GET 200 https://registry.npmjs.org/@esbuild%2fwin32-x64 361ms (cache miss)
380 silly packumentCache full:https://registry.npmjs.org/@esbuild%2fwin32-x64 set size:undefined disposed:false
381 silly fetch manifest @types/estree@1.0.8
382 silly packumentCache full:https://registry.npmjs.org/@types%2festree cache-miss
383 http fetch GET 200 https://registry.npmjs.org/@esbuild%2fsunos-x64 366ms (cache miss)
384 silly packumentCache full:https://registry.npmjs.org/@esbuild%2fsunos-x64 set size:undefined disposed:false
385 silly fetch manifest @rollup/rollup-darwin-arm64@4.60.2
386 silly packumentCache full:https://registry.npmjs.org/@rollup%2frollup-darwin-arm64 cache-miss
387 http fetch GET 200 https://registry.npmjs.org/@esbuild%2flinux-x64 368ms (cache miss)
388 silly packumentCache full:https://registry.npmjs.org/@esbuild%2flinux-x64 set size:undefined disposed:false
389 silly fetch manifest @rollup/rollup-android-arm64@4.60.2
390 silly packumentCache full:https://registry.npmjs.org/@rollup%2frollup-android-arm64 cache-miss
391 http fetch GET 200 https://registry.npmjs.org/@esbuild%2flinux-arm 372ms (cache miss)
392 silly packumentCache full:https://registry.npmjs.org/@esbuild%2flinux-arm set size:undefined disposed:false
393 silly fetch manifest @rollup/rollup-win32-arm64-msvc@4.60.2
394 silly packumentCache full:https://registry.npmjs.org/@rollup%2frollup-win32-arm64-msvc cache-miss
395 http fetch GET 200 https://registry.npmjs.org/@esbuild%2fnetbsd-x64 383ms (cache miss)
396 silly packumentCache full:https://registry.npmjs.org/@esbuild%2fnetbsd-x64 set size:undefined disposed:false
397 silly fetch manifest @rollup/rollup-freebsd-arm64@4.60.2
398 silly packumentCache full:https://registry.npmjs.org/@rollup%2frollup-freebsd-arm64 cache-miss
399 http fetch GET 200 https://registry.npmjs.org/@esbuild%2flinux-ia32 399ms (cache miss)
400 silly packumentCache full:https://registry.npmjs.org/@esbuild%2flinux-ia32 set size:undefined disposed:false
401 silly fetch manifest @rollup/rollup-linux-arm64-gnu@4.60.2
402 silly packumentCache full:https://registry.npmjs.org/@rollup%2frollup-linux-arm64-gnu cache-miss
403 http fetch GET 200 https://registry.npmjs.org/@esbuild%2ffreebsd-x64 407ms (cache miss)
404 silly packumentCache full:https://registry.npmjs.org/@esbuild%2ffreebsd-x64 set size:undefined disposed:false
405 silly fetch manifest @rollup/rollup-linux-arm64-musl@4.60.2
406 silly packumentCache full:https://registry.npmjs.org/@rollup%2frollup-linux-arm64-musl cache-miss
407 http fetch GET 200 https://registry.npmjs.org/@esbuild%2flinux-ppc64 414ms (cache miss)
408 silly packumentCache full:https://registry.npmjs.org/@esbuild%2flinux-ppc64 set size:undefined disposed:false
409 silly fetch manifest @rollup/rollup-android-arm-eabi@4.60.2
410 silly packumentCache full:https://registry.npmjs.org/@rollup%2frollup-android-arm-eabi cache-miss
411 http fetch GET 200 https://registry.npmjs.org/@esbuild%2flinux-arm64 422ms (cache miss)
412 silly packumentCache full:https://registry.npmjs.org/@esbuild%2flinux-arm64 set size:undefined disposed:false
413 silly fetch manifest @rollup/rollup-linux-arm-gnueabihf@4.60.2
414 silly packumentCache full:https://registry.npmjs.org/@rollup%2frollup-linux-arm-gnueabihf cache-miss
415 http fetch GET 200 https://registry.npmjs.org/@esbuild%2fopenbsd-x64 529ms (cache miss)
416 silly packumentCache full:https://registry.npmjs.org/@esbuild%2fopenbsd-x64 set size:undefined disposed:false
417 silly fetch manifest @rollup/rollup-linux-arm-musleabihf@4.60.2
418 silly packumentCache full:https://registry.npmjs.org/@rollup%2frollup-linux-arm-musleabihf cache-miss
419 http fetch GET 200 https://registry.npmjs.org/@esbuild%2fnetbsd-arm64 530ms (cache miss)
420 silly packumentCache full:https://registry.npmjs.org/@esbuild%2fnetbsd-arm64 set size:undefined disposed:false
421 silly fetch manifest @rollup/rollup-win32-ia32-msvc@4.60.2
422 silly packumentCache full:https://registry.npmjs.org/@rollup%2frollup-win32-ia32-msvc cache-miss
423 http fetch GET 200 https://registry.npmjs.org/@esbuild%2fwin32-arm64 553ms (cache miss)
424 silly packumentCache full:https://registry.npmjs.org/@esbuild%2fwin32-arm64 set size:undefined disposed:false
425 silly fetch manifest @rollup/rollup-linux-loong64-gnu@4.60.2
426 silly packumentCache full:https://registry.npmjs.org/@rollup%2frollup-linux-loong64-gnu cache-miss
427 http fetch GET 200 https://registry.npmjs.org/@esbuild%2fdarwin-arm64 563ms (cache miss)
428 silly packumentCache full:https://registry.npmjs.org/@esbuild%2fdarwin-arm64 set size:undefined disposed:false
429 silly fetch manifest @rollup/rollup-linux-loong64-musl@4.60.2
430 silly packumentCache full:https://registry.npmjs.org/@rollup%2frollup-linux-loong64-musl cache-miss
431 http fetch GET 200 https://registry.npmjs.org/@esbuild%2ffreebsd-arm64 575ms (cache miss)
432 silly packumentCache full:https://registry.npmjs.org/@esbuild%2ffreebsd-arm64 set size:undefined disposed:false
433 silly fetch manifest @rollup/rollup-linux-riscv64-gnu@4.60.2
434 silly packumentCache full:https://registry.npmjs.org/@rollup%2frollup-linux-riscv64-gnu cache-miss
435 http fetch GET 200 https://registry.npmjs.org/@esbuild%2flinux-riscv64 578ms (cache miss)
436 silly packumentCache full:https://registry.npmjs.org/@esbuild%2flinux-riscv64 set size:undefined disposed:false
437 silly fetch manifest @rollup/rollup-linux-riscv64-musl@4.60.2
438 silly packumentCache full:https://registry.npmjs.org/@rollup%2frollup-linux-riscv64-musl cache-miss
439 http fetch GET 200 https://registry.npmjs.org/picocolors 236ms (cache miss)
440 silly packumentCache full:https://registry.npmjs.org/picocolors set size:undefined disposed:false
441 silly fetch manifest @rollup/rollup-linux-ppc64-gnu@4.60.2
442 silly packumentCache full:https://registry.npmjs.org/@rollup%2frollup-linux-ppc64-gnu cache-miss
443 http fetch GET 200 https://registry.npmjs.org/@esbuild%2fopenharmony-arm64 268ms (cache miss)
444 silly packumentCache full:https://registry.npmjs.org/@esbuild%2fopenharmony-arm64 set size:undefined disposed:false
445 silly fetch manifest @rollup/rollup-linux-ppc64-musl@4.60.2
446 silly packumentCache full:https://registry.npmjs.org/@rollup%2frollup-linux-ppc64-musl cache-miss
447 http fetch GET 200 https://registry.npmjs.org/@esbuild%2fopenbsd-arm64 290ms (cache miss)
448 silly packumentCache full:https://registry.npmjs.org/@esbuild%2fopenbsd-arm64 set size:undefined disposed:false
449 silly fetch manifest @rollup/rollup-linux-s390x-gnu@4.60.2
450 silly packumentCache full:https://registry.npmjs.org/@rollup%2frollup-linux-s390x-gnu cache-miss
451 http fetch GET 200 https://registry.npmjs.org/@esbuild%2flinux-loong64 607ms (cache miss)
452 silly packumentCache full:https://registry.npmjs.org/@esbuild%2flinux-loong64 set size:undefined disposed:false
453 silly fetch manifest @rollup/rollup-darwin-x64@4.60.2
454 silly packumentCache full:https://registry.npmjs.org/@rollup%2frollup-darwin-x64 cache-miss
455 http fetch GET 200 https://registry.npmjs.org/source-map-js 264ms (cache miss)
456 silly packumentCache full:https://registry.npmjs.org/source-map-js set size:undefined disposed:false
457 silly fetch manifest @rollup/rollup-win32-x64-gnu@4.60.2
458 silly packumentCache full:https://registry.npmjs.org/@rollup%2frollup-win32-x64-gnu cache-miss
459 http fetch GET 200 https://registry.npmjs.org/@esbuild%2fandroid-arm64 650ms (cache miss)
460 silly packumentCache full:https://registry.npmjs.org/@esbuild%2fandroid-arm64 set size:undefined disposed:false
461 silly fetch manifest @rollup/rollup-win32-x64-msvc@4.60.2
462 silly packumentCache full:https://registry.npmjs.org/@rollup%2frollup-win32-x64-msvc cache-miss
463 http fetch GET 200 https://registry.npmjs.org/@types%2festree 299ms (cache miss)
464 silly packumentCache full:https://registry.npmjs.org/@types%2festree set size:undefined disposed:false
465 silly fetch manifest @rollup/rollup-freebsd-x64@4.60.2
466 silly packumentCache full:https://registry.npmjs.org/@rollup%2frollup-freebsd-x64 cache-miss
467 http fetch GET 200 https://registry.npmjs.org/nanoid 325ms (cache miss)
468 silly packumentCache full:https://registry.npmjs.org/nanoid set size:undefined disposed:false
469 silly fetch manifest @rollup/rollup-linux-x64-gnu@4.60.2
470 silly packumentCache full:https://registry.npmjs.org/@rollup%2frollup-linux-x64-gnu cache-miss
471 http fetch GET 200 https://registry.npmjs.org/@esbuild%2flinux-mips64el 402ms (cache miss)
472 silly packumentCache full:https://registry.npmjs.org/@esbuild%2flinux-mips64el set size:undefined disposed:false
473 silly fetch manifest @rollup/rollup-linux-x64-musl@4.60.2
474 silly packumentCache full:https://registry.npmjs.org/@rollup%2frollup-linux-x64-musl cache-miss
475 http fetch GET 200 https://registry.npmjs.org/@rollup%2frollup-android-arm64 393ms (cache miss)
476 silly packumentCache full:https://registry.npmjs.org/@rollup%2frollup-android-arm64 set size:undefined disposed:false
477 silly fetch manifest @rollup/rollup-openbsd-x64@4.60.2
478 silly packumentCache full:https://registry.npmjs.org/@rollup%2frollup-openbsd-x64 cache-miss
479 http fetch GET 200 https://registry.npmjs.org/@rollup%2frollup-darwin-arm64 426ms (cache miss)
480 silly packumentCache full:https://registry.npmjs.org/@rollup%2frollup-darwin-arm64 set size:undefined disposed:false
481 silly fetch manifest @rollup/rollup-openharmony-arm64@4.60.2
482 silly packumentCache full:https://registry.npmjs.org/@rollup%2frollup-openharmony-arm64 cache-miss
483 http fetch GET 200 https://registry.npmjs.org/@rollup%2frollup-win32-arm64-msvc 459ms (cache miss)
484 silly packumentCache full:https://registry.npmjs.org/@rollup%2frollup-win32-arm64-msvc set size:undefined disposed:false
485 http fetch GET 200 https://registry.npmjs.org/@rollup%2frollup-freebsd-arm64 448ms (cache miss)
486 silly packumentCache full:https://registry.npmjs.org/@rollup%2frollup-freebsd-arm64 set size:undefined disposed:false
487 http fetch GET 200 https://registry.npmjs.org/@rollup%2frollup-linux-arm64-gnu 440ms (cache miss)
488 silly packumentCache full:https://registry.npmjs.org/@rollup%2frollup-linux-arm64-gnu set size:undefined disposed:false
489 http fetch GET 200 https://registry.npmjs.org/@rollup%2frollup-linux-arm64-musl 435ms (cache miss)
490 silly packumentCache full:https://registry.npmjs.org/@rollup%2frollup-linux-arm64-musl set size:undefined disposed:false
491 http fetch GET 200 https://registry.npmjs.org/@rollup%2frollup-android-arm-eabi 438ms (cache miss)
492 silly packumentCache full:https://registry.npmjs.org/@rollup%2frollup-android-arm-eabi set size:undefined disposed:false
493 http fetch GET 200 https://registry.npmjs.org/@rollup%2frollup-win32-ia32-msvc 332ms (cache miss)
494 silly packumentCache full:https://registry.npmjs.org/@rollup%2frollup-win32-ia32-msvc set size:undefined disposed:false
495 http fetch GET 200 https://registry.npmjs.org/@rollup%2frollup-linux-arm-gnueabihf 455ms (cache miss)
496 silly packumentCache full:https://registry.npmjs.org/@rollup%2frollup-linux-arm-gnueabihf set size:undefined disposed:false
497 http fetch GET 200 https://registry.npmjs.org/@rollup%2frollup-linux-arm-musleabihf 351ms (cache miss)
498 silly packumentCache full:https://registry.npmjs.org/@rollup%2frollup-linux-arm-musleabihf set size:undefined disposed:false
499 http fetch GET 200 https://registry.npmjs.org/@rollup%2frollup-linux-loong64-gnu 333ms (cache miss)
500 silly packumentCache full:https://registry.npmjs.org/@rollup%2frollup-linux-loong64-gnu set size:undefined disposed:false
501 http fetch GET 200 https://registry.npmjs.org/@rollup%2frollup-linux-loong64-musl 370ms (cache miss)
502 silly packumentCache full:https://registry.npmjs.org/@rollup%2frollup-linux-loong64-musl set size:undefined disposed:false
503 http fetch GET 200 https://registry.npmjs.org/@rollup%2frollup-linux-riscv64-musl 362ms (cache miss)
504 silly packumentCache full:https://registry.npmjs.org/@rollup%2frollup-linux-riscv64-musl set size:undefined disposed:false
505 http fetch GET 200 https://registry.npmjs.org/@rollup%2frollup-linux-riscv64-gnu 408ms (cache miss)
506 silly packumentCache full:https://registry.npmjs.org/@rollup%2frollup-linux-riscv64-gnu set size:undefined disposed:false
507 http fetch GET 200 https://registry.npmjs.org/@rollup%2frollup-linux-ppc64-gnu 407ms (cache miss)
508 silly packumentCache full:https://registry.npmjs.org/@rollup%2frollup-linux-ppc64-gnu set size:undefined disposed:false
509 http fetch GET 200 https://registry.npmjs.org/@rollup%2frollup-linux-ppc64-musl 402ms (cache miss)
510 silly packumentCache full:https://registry.npmjs.org/@rollup%2frollup-linux-ppc64-musl set size:undefined disposed:false
511 http fetch GET 200 https://registry.npmjs.org/@rollup%2frollup-linux-s390x-gnu 461ms (cache miss)
512 silly packumentCache full:https://registry.npmjs.org/@rollup%2frollup-linux-s390x-gnu set size:undefined disposed:false
513 http fetch GET 200 https://registry.npmjs.org/@rollup%2frollup-darwin-x64 461ms (cache miss)
514 silly packumentCache full:https://registry.npmjs.org/@rollup%2frollup-darwin-x64 set size:undefined disposed:false
515 http fetch GET 200 https://registry.npmjs.org/@rollup%2frollup-openbsd-x64 352ms (cache miss)
516 silly packumentCache full:https://registry.npmjs.org/@rollup%2frollup-openbsd-x64 set size:undefined disposed:false
517 http fetch GET 200 https://registry.npmjs.org/@rollup%2frollup-freebsd-x64 455ms (cache miss)
518 silly packumentCache full:https://registry.npmjs.org/@rollup%2frollup-freebsd-x64 set size:undefined disposed:false
519 http fetch GET 200 https://registry.npmjs.org/@rollup%2frollup-linux-x64-musl 417ms (cache miss)
520 silly packumentCache full:https://registry.npmjs.org/@rollup%2frollup-linux-x64-musl set size:undefined disposed:false
521 http fetch GET 200 https://registry.npmjs.org/@rollup%2frollup-win32-x64-msvc 576ms (cache miss)
522 silly packumentCache full:https://registry.npmjs.org/@rollup%2frollup-win32-x64-msvc set size:undefined disposed:false
523 http fetch GET 200 https://registry.npmjs.org/@rollup%2frollup-openharmony-arm64 439ms (cache miss)
524 silly packumentCache full:https://registry.npmjs.org/@rollup%2frollup-openharmony-arm64 set size:undefined disposed:false
525 http fetch GET 200 https://registry.npmjs.org/@rollup%2frollup-linux-x64-gnu 569ms (cache miss)
526 silly packumentCache full:https://registry.npmjs.org/@rollup%2frollup-linux-x64-gnu set size:undefined disposed:false
527 http fetch GET 200 https://registry.npmjs.org/@rollup%2frollup-win32-x64-gnu 637ms (cache miss)
528 silly packumentCache full:https://registry.npmjs.org/@rollup%2frollup-win32-x64-gnu set size:undefined disposed:false
529 silly placeDep ROOT @esbuild/aix-ppc64@0.27.7 OK for: esbuild@0.27.7 want: 0.27.7
530 silly placeDep ROOT @esbuild/android-arm@0.27.7 OK for: esbuild@0.27.7 want: 0.27.7
531 silly placeDep ROOT @esbuild/android-arm64@0.27.7 OK for: esbuild@0.27.7 want: 0.27.7
532 silly placeDep ROOT @esbuild/android-x64@0.27.7 OK for: esbuild@0.27.7 want: 0.27.7
533 silly placeDep ROOT @esbuild/darwin-arm64@0.27.7 OK for: esbuild@0.27.7 want: 0.27.7
534 silly placeDep ROOT @esbuild/darwin-x64@0.27.7 OK for: esbuild@0.27.7 want: 0.27.7
535 silly placeDep ROOT @esbuild/freebsd-arm64@0.27.7 OK for: esbuild@0.27.7 want: 0.27.7
536 silly placeDep ROOT @esbuild/freebsd-x64@0.27.7 OK for: esbuild@0.27.7 want: 0.27.7
537 silly placeDep ROOT @esbuild/linux-arm@0.27.7 OK for: esbuild@0.27.7 want: 0.27.7
538 silly placeDep ROOT @esbuild/linux-arm64@0.27.7 OK for: esbuild@0.27.7 want: 0.27.7
539 silly placeDep ROOT @esbuild/linux-ia32@0.27.7 OK for: esbuild@0.27.7 want: 0.27.7
540 silly placeDep ROOT @esbuild/linux-loong64@0.27.7 OK for: esbuild@0.27.7 want: 0.27.7
541 silly placeDep ROOT @esbuild/linux-mips64el@0.27.7 OK for: esbuild@0.27.7 want: 0.27.7
542 silly placeDep ROOT @esbuild/linux-ppc64@0.27.7 OK for: esbuild@0.27.7 want: 0.27.7
543 silly placeDep ROOT @esbuild/linux-riscv64@0.27.7 OK for: esbuild@0.27.7 want: 0.27.7
544 silly placeDep ROOT @esbuild/linux-s390x@0.27.7 OK for: esbuild@0.27.7 want: 0.27.7
545 silly placeDep ROOT @esbuild/linux-x64@0.27.7 OK for: esbuild@0.27.7 want: 0.27.7
546 silly placeDep ROOT @esbuild/netbsd-arm64@0.27.7 OK for: esbuild@0.27.7 want: 0.27.7
547 silly placeDep ROOT @esbuild/netbsd-x64@0.27.7 OK for: esbuild@0.27.7 want: 0.27.7
548 silly placeDep ROOT @esbuild/openbsd-arm64@0.27.7 OK for: esbuild@0.27.7 want: 0.27.7
549 silly placeDep ROOT @esbuild/openbsd-x64@0.27.7 OK for: esbuild@0.27.7 want: 0.27.7
550 silly placeDep ROOT @esbuild/openharmony-arm64@0.27.7 OK for: esbuild@0.27.7 want: 0.27.7
551 silly placeDep ROOT @esbuild/sunos-x64@0.27.7 OK for: esbuild@0.27.7 want: 0.27.7
552 silly placeDep ROOT @esbuild/win32-arm64@0.27.7 OK for: esbuild@0.27.7 want: 0.27.7
553 silly placeDep ROOT @esbuild/win32-ia32@0.27.7 OK for: esbuild@0.27.7 want: 0.27.7
554 silly placeDep ROOT @esbuild/win32-x64@0.27.7 OK for: esbuild@0.27.7 want: 0.27.7
555 silly placeDep ROOT nanoid@3.3.12 OK for: postcss@8.5.13 want: ^3.3.11
556 silly placeDep ROOT picocolors@1.1.1 OK for: postcss@8.5.13 want: ^1.1.1
557 silly placeDep ROOT source-map-js@1.2.1 OK for: postcss@8.5.13 want: ^1.2.1
558 silly placeDep ROOT @rollup/rollup-android-arm-eabi@4.60.2 OK for: rollup@4.60.2 want: 4.60.2
559 silly placeDep ROOT @rollup/rollup-android-arm64@4.60.2 OK for: rollup@4.60.2 want: 4.60.2
560 silly placeDep ROOT @rollup/rollup-darwin-arm64@4.60.2 OK for: rollup@4.60.2 want: 4.60.2
561 silly placeDep ROOT @rollup/rollup-darwin-x64@4.60.2 OK for: rollup@4.60.2 want: 4.60.2
562 silly placeDep ROOT @rollup/rollup-freebsd-arm64@4.60.2 OK for: rollup@4.60.2 want: 4.60.2
563 silly placeDep ROOT @rollup/rollup-freebsd-x64@4.60.2 OK for: rollup@4.60.2 want: 4.60.2
564 silly placeDep ROOT @rollup/rollup-linux-arm-gnueabihf@4.60.2 OK for: rollup@4.60.2 want: 4.60.2
565 silly placeDep ROOT @rollup/rollup-linux-arm-musleabihf@4.60.2 OK for: rollup@4.60.2 want: 4.60.2
566 silly placeDep ROOT @rollup/rollup-linux-arm64-gnu@4.60.2 OK for: rollup@4.60.2 want: 4.60.2
567 silly placeDep ROOT @rollup/rollup-linux-arm64-musl@4.60.2 OK for: rollup@4.60.2 want: 4.60.2
568 silly placeDep ROOT @rollup/rollup-linux-loong64-gnu@4.60.2 OK for: rollup@4.60.2 want: 4.60.2
569 silly placeDep ROOT @rollup/rollup-linux-loong64-musl@4.60.2 OK for: rollup@4.60.2 want: 4.60.2
570 silly placeDep ROOT @rollup/rollup-linux-ppc64-gnu@4.60.2 OK for: rollup@4.60.2 want: 4.60.2
571 silly placeDep ROOT @rollup/rollup-linux-ppc64-musl@4.60.2 OK for: rollup@4.60.2 want: 4.60.2
572 silly placeDep ROOT @rollup/rollup-linux-riscv64-gnu@4.60.2 OK for: rollup@4.60.2 want: 4.60.2
573 silly placeDep ROOT @rollup/rollup-linux-riscv64-musl@4.60.2 OK for: rollup@4.60.2 want: 4.60.2
574 silly placeDep ROOT @rollup/rollup-linux-s390x-gnu@4.60.2 OK for: rollup@4.60.2 want: 4.60.2
575 silly placeDep ROOT @rollup/rollup-linux-x64-gnu@4.60.2 OK for: rollup@4.60.2 want: 4.60.2
576 silly placeDep ROOT @rollup/rollup-linux-x64-musl@4.60.2 OK for: rollup@4.60.2 want: 4.60.2
577 silly placeDep ROOT @rollup/rollup-openbsd-x64@4.60.2 OK for: rollup@4.60.2 want: 4.60.2
578 silly placeDep ROOT @rollup/rollup-openharmony-arm64@4.60.2 OK for: rollup@4.60.2 want: 4.60.2
579 silly placeDep ROOT @rollup/rollup-win32-arm64-msvc@4.60.2 OK for: rollup@4.60.2 want: 4.60.2
580 silly placeDep ROOT @rollup/rollup-win32-ia32-msvc@4.60.2 OK for: rollup@4.60.2 want: 4.60.2
581 silly placeDep ROOT @rollup/rollup-win32-x64-gnu@4.60.2 OK for: rollup@4.60.2 want: 4.60.2
582 silly placeDep ROOT @rollup/rollup-win32-x64-msvc@4.60.2 OK for: rollup@4.60.2 want: 4.60.2
583 silly placeDep ROOT @types/estree@1.0.8 OK for: rollup@4.60.2 want: 1.0.8
584 silly fetch manifest msw@^2.4.9
585 silly packumentCache full:https://registry.npmjs.org/msw cache-miss
586 http fetch GET 200 https://registry.npmjs.org/msw 501ms (cache miss)
587 silly packumentCache full:https://registry.npmjs.org/msw set size:undefined disposed:false
588 silly fetch manifest typescript@>= 4.8.x
589 silly packumentCache full:https://registry.npmjs.org/typescript cache-miss
590 http cache https://registry.npmjs.org/typescript 46ms (cache hit)
591 silly packumentCache full:https://registry.npmjs.org/typescript set size:15409943 disposed:false
592 silly fetch manifest vite@^5.0.0 || ^6.0.0 || ^7.0.0-0
593 silly packumentCache full:https://registry.npmjs.org/vite cache-miss
594 http cache https://registry.npmjs.org/vite 109ms (cache hit)
595 silly packumentCache full:https://registry.npmjs.org/vite set size:38816674 disposed:false
596 silly fetch manifest @types/node@^18.0.0 || ^20.0.0 || >=22.0.0
597 silly packumentCache full:https://registry.npmjs.org/@types%2fnode cache-miss
598 http cache https://registry.npmjs.org/@types%2fnode 36ms (cache hit)
599 silly packumentCache full:https://registry.npmjs.org/@types%2fnode set size:10972342 disposed:false
600 silly placeDep ROOT @types/chai@5.2.3 OK for: vitest@3.2.4 want: ^5.2.2
601 silly placeDep ROOT @vitest/expect@3.2.4 OK for: vitest@3.2.4 want: 3.2.4
602 silly placeDep ROOT @vitest/mocker@3.2.4 OK for: vitest@3.2.4 want: 3.2.4
603 silly placeDep ROOT @vitest/pretty-format@3.2.4 OK for: vitest@3.2.4 want: ^3.2.4
604 silly placeDep ROOT @vitest/runner@3.2.4 OK for: vitest@3.2.4 want: 3.2.4
605 silly placeDep ROOT @vitest/snapshot@3.2.4 OK for: vitest@3.2.4 want: 3.2.4
606 silly placeDep ROOT @vitest/spy@3.2.4 OK for: vitest@3.2.4 want: 3.2.4
607 silly placeDep ROOT @vitest/utils@3.2.4 OK for: vitest@3.2.4 want: 3.2.4
608 silly placeDep ROOT chai@5.3.3 OK for: vitest@3.2.4 want: ^5.2.0
609 silly placeDep ROOT debug@4.4.3 OK for: vitest@3.2.4 want: ^4.4.1
610 silly placeDep ROOT expect-type@1.3.0 OK for: vitest@3.2.4 want: ^1.2.1
611 silly placeDep ROOT magic-string@0.30.21 OK for: vitest@3.2.4 want: ^0.30.17
612 silly placeDep ROOT pathe@2.0.3 OK for: vitest@3.2.4 want: ^2.0.3
613 silly placeDep ROOT std-env@3.10.0 OK for: vitest@3.2.4 want: ^3.9.0
614 silly placeDep ROOT tinybench@2.9.0 OK for: vitest@3.2.4 want: ^2.9.0
615 silly placeDep ROOT tinyexec@0.3.2 OK for: vitest@3.2.4 want: ^0.3.2
616 silly placeDep ROOT tinypool@1.1.1 OK for: vitest@3.2.4 want: ^1.1.1
617 silly placeDep ROOT tinyrainbow@2.0.0 OK for: vitest@3.2.4 want: ^2.0.0
618 silly placeDep ROOT vite-node@3.2.4 OK for: vitest@3.2.4 want: 3.2.4
619 silly placeDep ROOT why-is-node-running@2.3.0 OK for: vitest@3.2.4 want: ^2.3.0
620 silly fetch manifest @types/deep-eql@*
621 silly packumentCache full:https://registry.npmjs.org/@types%2fdeep-eql cache-miss
622 silly fetch manifest assertion-error@^2.0.1
623 silly packumentCache full:https://registry.npmjs.org/assertion-error cache-miss
624 silly fetch manifest estree-walker@^3.0.3
625 silly packumentCache full:https://registry.npmjs.org/estree-walker cache-miss
626 silly fetch manifest strip-literal@^3.0.0
627 silly packumentCache full:https://registry.npmjs.org/strip-literal cache-miss
628 silly fetch manifest tinyspy@^4.0.3
629 silly packumentCache full:https://registry.npmjs.org/tinyspy cache-miss
630 silly fetch manifest loupe@^3.1.4
631 silly packumentCache full:https://registry.npmjs.org/loupe cache-miss
632 silly fetch manifest loupe@^3.1.0
633 silly packumentCache full:https://registry.npmjs.org/loupe cache-miss
634 silly fetch manifest pathval@^2.0.0
635 silly packumentCache full:https://registry.npmjs.org/pathval cache-miss
636 silly fetch manifest deep-eql@^5.0.1
637 silly packumentCache full:https://registry.npmjs.org/deep-eql cache-miss
638 silly fetch manifest check-error@^2.1.1
639 silly packumentCache full:https://registry.npmjs.org/check-error cache-miss
640 silly fetch manifest assertion-error@^2.0.1
641 silly packumentCache full:https://registry.npmjs.org/assertion-error cache-miss
642 silly fetch manifest ms@^2.1.3
643 silly packumentCache full:https://registry.npmjs.org/ms cache-miss
644 silly fetch manifest @jridgewell/sourcemap-codec@^1.5.5
645 silly packumentCache full:https://registry.npmjs.org/@jridgewell%2fsourcemap-codec cache-miss
646 silly fetch manifest cac@^6.7.14
647 silly packumentCache full:https://registry.npmjs.org/cac cache-miss
648 silly fetch manifest es-module-lexer@^1.7.0
649 silly packumentCache full:https://registry.npmjs.org/es-module-lexer cache-miss
650 silly fetch manifest siginfo@^2.0.0
651 silly packumentCache full:https://registry.npmjs.org/siginfo cache-miss
652 silly fetch manifest stackback@0.0.2
653 silly packumentCache full:https://registry.npmjs.org/stackback cache-miss
654 http fetch GET 200 https://registry.npmjs.org/@types%2fdeep-eql 186ms (cache miss)
655 silly packumentCache full:https://registry.npmjs.org/@types%2fdeep-eql set size:undefined disposed:false
656 http fetch GET 200 https://registry.npmjs.org/assertion-error 189ms (cache miss)
657 silly packumentCache full:https://registry.npmjs.org/assertion-error set size:undefined disposed:false
658 http fetch GET 200 https://registry.npmjs.org/assertion-error 190ms (cache miss)
659 silly packumentCache full:https://registry.npmjs.org/assertion-error set size:undefined disposed:false
660 http fetch GET 200 https://registry.npmjs.org/tinyspy 194ms (cache miss)
661 silly packumentCache full:https://registry.npmjs.org/tinyspy set size:undefined disposed:false
662 http fetch GET 200 https://registry.npmjs.org/deep-eql 194ms (cache miss)
663 silly packumentCache full:https://registry.npmjs.org/deep-eql set size:undefined disposed:false
664 http fetch GET 200 https://registry.npmjs.org/loupe 198ms (cache miss)
665 silly packumentCache full:https://registry.npmjs.org/loupe set size:undefined disposed:false
666 http fetch GET 200 https://registry.npmjs.org/check-error 204ms (cache miss)
667 silly packumentCache full:https://registry.npmjs.org/check-error set size:undefined disposed:false
668 http fetch GET 200 https://registry.npmjs.org/pathval 209ms (cache miss)
669 silly packumentCache full:https://registry.npmjs.org/pathval set size:undefined disposed:false
670 http fetch GET 200 https://registry.npmjs.org/estree-walker 222ms (cache miss)
671 silly packumentCache full:https://registry.npmjs.org/estree-walker set size:undefined disposed:false
672 http fetch GET 200 https://registry.npmjs.org/loupe 221ms (cache miss)
673 silly packumentCache full:https://registry.npmjs.org/loupe set size:undefined disposed:false
674 http fetch GET 200 https://registry.npmjs.org/@jridgewell%2fsourcemap-codec 220ms (cache miss)
675 silly packumentCache full:https://registry.npmjs.org/@jridgewell%2fsourcemap-codec set size:undefined disposed:false
676 http fetch GET 200 https://registry.npmjs.org/ms 222ms (cache miss)
677 silly packumentCache full:https://registry.npmjs.org/ms set size:undefined disposed:false
678 http fetch GET 200 https://registry.npmjs.org/cac 242ms (cache miss)
679 silly packumentCache full:https://registry.npmjs.org/cac set size:undefined disposed:false
680 http fetch GET 200 https://registry.npmjs.org/strip-literal 312ms (cache miss)
681 silly packumentCache full:https://registry.npmjs.org/strip-literal set size:undefined disposed:false
682 http fetch GET 200 https://registry.npmjs.org/es-module-lexer 343ms (cache miss)
683 silly packumentCache full:https://registry.npmjs.org/es-module-lexer set size:undefined disposed:false
684 http fetch GET 200 https://registry.npmjs.org/siginfo 407ms (cache miss)
685 silly packumentCache full:https://registry.npmjs.org/siginfo set size:undefined disposed:false
686 http fetch GET 200 https://registry.npmjs.org/stackback 417ms (cache miss)
687 silly packumentCache full:https://registry.npmjs.org/stackback set size:undefined disposed:false
688 silly placeDep ROOT @types/deep-eql@4.0.2 OK for: @types/chai@5.2.3 want: *
689 silly placeDep ROOT assertion-error@2.0.1 OK for: @types/chai@5.2.3 want: ^2.0.1
690 silly placeDep ROOT estree-walker@3.0.3 OK for: @vitest/mocker@3.2.4 want: ^3.0.3
691 silly placeDep ROOT strip-literal@3.1.0 OK for: @vitest/runner@3.2.4 want: ^3.0.0
692 silly fetch manifest js-tokens@^9.0.1
693 silly packumentCache full:https://registry.npmjs.org/js-tokens cache-miss
694 http fetch GET 200 https://registry.npmjs.org/js-tokens 203ms (cache miss)
695 silly packumentCache full:https://registry.npmjs.org/js-tokens set size:undefined disposed:false
696 silly placeDep ROOT tinyspy@4.0.4 OK for: @vitest/spy@3.2.4 want: ^4.0.3
697 silly placeDep ROOT loupe@3.2.1 OK for: @vitest/utils@3.2.4 want: ^3.1.4
698 silly placeDep ROOT check-error@2.1.3 OK for: chai@5.3.3 want: ^2.1.1
699 silly placeDep ROOT deep-eql@5.0.2 OK for: chai@5.3.3 want: ^5.0.1
700 silly placeDep ROOT pathval@2.0.1 OK for: chai@5.3.3 want: ^2.0.0
701 silly placeDep ROOT ms@2.1.3 OK for: debug@4.4.3 want: ^2.1.3
702 silly placeDep ROOT @jridgewell/sourcemap-codec@1.5.5 OK for: magic-string@0.30.21 want: ^1.5.5
703 silly placeDep ROOT js-tokens@9.0.1 OK for: strip-literal@3.1.0 want: ^9.0.1
704 silly placeDep ROOT cac@6.7.14 OK for: vite-node@3.2.4 want: ^6.7.14
705 silly placeDep ROOT es-module-lexer@1.7.0 OK for: vite-node@3.2.4 want: ^1.7.0
706 silly fetch manifest vue@3.5.33
707 silly packumentCache full:https://registry.npmjs.org/vue cache-miss
708 http cache https://registry.npmjs.org/vue 12ms (cache hit)
709 silly packumentCache full:https://registry.npmjs.org/vue set size:2029368 disposed:false
710 silly fetch manifest typescript@*
711 silly packumentCache full:https://registry.npmjs.org/typescript cache-miss
712 http cache https://registry.npmjs.org/typescript 42ms (cache hit)
713 silly packumentCache full:https://registry.npmjs.org/typescript set size:15409943 disposed:false
714 silly placeDep ROOT @vue/compiler-dom@3.5.33 OK for: vue@3.5.33 want: 3.5.33
715 silly placeDep ROOT @vue/compiler-sfc@3.5.33 OK for: vue@3.5.33 want: 3.5.33
716 silly placeDep ROOT @vue/runtime-dom@3.5.33 OK for: vue@3.5.33 want: 3.5.33
717 silly placeDep ROOT @vue/server-renderer@3.5.33 OK for: vue@3.5.33 want: 3.5.33
718 silly placeDep ROOT @vue/shared@3.5.33 OK for: vue@3.5.33 want: 3.5.33
719 silly fetch manifest @vue/compiler-core@3.5.33
720 silly packumentCache full:https://registry.npmjs.org/@vue%2fcompiler-core cache-miss
721 silly fetch manifest @babel/parser@^7.29.2
722 silly packumentCache full:https://registry.npmjs.org/@babel%2fparser cache-miss
723 silly fetch manifest estree-walker@^2.0.2
724 silly packumentCache full:https://registry.npmjs.org/estree-walker cache-miss
725 silly fetch manifest @vue/compiler-core@3.5.33
726 silly packumentCache full:https://registry.npmjs.org/@vue%2fcompiler-core cache-miss
727 silly fetch manifest @vue/compiler-ssr@3.5.33
728 silly packumentCache full:https://registry.npmjs.org/@vue%2fcompiler-ssr cache-miss
729 silly fetch manifest csstype@^3.2.3
730 silly packumentCache full:https://registry.npmjs.org/csstype cache-miss
731 silly fetch manifest @vue/runtime-core@3.5.33
732 silly packumentCache full:https://registry.npmjs.org/@vue%2fruntime-core cache-miss
733 silly fetch manifest @vue/reactivity@3.5.33
734 silly packumentCache full:https://registry.npmjs.org/@vue%2freactivity cache-miss
735 silly fetch manifest @vue/compiler-ssr@3.5.33
736 silly packumentCache full:https://registry.npmjs.org/@vue%2fcompiler-ssr cache-miss
737 http cache https://registry.npmjs.org/estree-walker 11ms (cache hit)
738 silly packumentCache full:https://registry.npmjs.org/estree-walker set size:60887 disposed:false
739 http fetch GET 200 https://registry.npmjs.org/csstype 222ms (cache miss)
740 silly packumentCache full:https://registry.npmjs.org/csstype set size:undefined disposed:false
741 http fetch GET 200 https://registry.npmjs.org/@babel%2fparser 270ms (cache miss)
742 silly packumentCache full:https://registry.npmjs.org/@babel%2fparser set size:undefined disposed:false
743 http fetch GET 200 https://registry.npmjs.org/@vue%2fcompiler-core 279ms (cache miss)
744 silly packumentCache full:https://registry.npmjs.org/@vue%2fcompiler-core set size:undefined disposed:false
745 http fetch GET 200 https://registry.npmjs.org/@vue%2fcompiler-ssr 303ms (cache miss)
746 silly packumentCache full:https://registry.npmjs.org/@vue%2fcompiler-ssr set size:undefined disposed:false
747 http fetch GET 200 https://registry.npmjs.org/@vue%2fcompiler-core 362ms (cache miss)
748 silly packumentCache full:https://registry.npmjs.org/@vue%2fcompiler-core set size:undefined disposed:false
749 http fetch GET 200 https://registry.npmjs.org/@vue%2fcompiler-ssr 371ms (cache miss)
750 silly packumentCache full:https://registry.npmjs.org/@vue%2fcompiler-ssr set size:undefined disposed:false
751 http fetch GET 200 https://registry.npmjs.org/@vue%2fruntime-core 421ms (cache miss)
752 silly packumentCache full:https://registry.npmjs.org/@vue%2fruntime-core set size:undefined disposed:false
753 http fetch GET 200 https://registry.npmjs.org/@vue%2freactivity 475ms (cache miss)
754 silly packumentCache full:https://registry.npmjs.org/@vue%2freactivity set size:undefined disposed:false
755 silly placeDep ROOT @vue/compiler-core@3.5.33 OK for: @vue/compiler-dom@3.5.33 want: 3.5.33
756 silly fetch manifest entities@^7.0.1
757 silly packumentCache full:https://registry.npmjs.org/entities cache-miss
758 http fetch GET 200 https://registry.npmjs.org/entities 189ms (cache miss)
759 silly packumentCache full:https://registry.npmjs.org/entities set size:undefined disposed:false
760 silly placeDep ROOT @babel/parser@7.29.3 OK for: @vue/compiler-core@3.5.33 want: ^7.29.2
761 silly placeDep ROOT entities@7.0.1 OK for: @vue/compiler-core@3.5.33 want: ^7.0.1
762 silly placeDep node_modules/@vue/compiler-core estree-walker@2.0.2 OK for: @vue/compiler-core@3.5.33 want: ^2.0.2
763 silly fetch manifest @babel/types@^7.29.0
764 silly packumentCache full:https://registry.npmjs.org/@babel%2ftypes cache-miss
765 http fetch GET 200 https://registry.npmjs.org/@babel%2ftypes 341ms (cache miss)
766 silly packumentCache full:https://registry.npmjs.org/@babel%2ftypes set size:undefined disposed:false
767 silly placeDep ROOT @babel/types@7.29.0 OK for: @babel/parser@7.29.3 want: ^7.29.0
768 silly fetch manifest @babel/helper-string-parser@^7.27.1
769 silly packumentCache full:https://registry.npmjs.org/@babel%2fhelper-string-parser cache-miss
770 silly fetch manifest @babel/helper-validator-identifier@^7.28.5
771 silly packumentCache full:https://registry.npmjs.org/@babel%2fhelper-validator-identifier cache-miss
772 http fetch GET 200 https://registry.npmjs.org/@babel%2fhelper-string-parser 277ms (cache miss)
773 silly packumentCache full:https://registry.npmjs.org/@babel%2fhelper-string-parser set size:undefined disposed:false
774 http fetch GET 200 https://registry.npmjs.org/@babel%2fhelper-validator-identifier 284ms (cache miss)
775 silly packumentCache full:https://registry.npmjs.org/@babel%2fhelper-validator-identifier set size:undefined disposed:false
776 silly placeDep ROOT @babel/helper-string-parser@7.27.1 OK for: @babel/types@7.29.0 want: ^7.27.1
777 silly placeDep ROOT @babel/helper-validator-identifier@7.28.5 OK for: @babel/types@7.29.0 want: ^7.28.5
778 silly placeDep ROOT @vue/compiler-ssr@3.5.33 OK for: @vue/compiler-sfc@3.5.33 want: 3.5.33
779 silly placeDep node_modules/@vue/compiler-sfc estree-walker@2.0.2 OK for: @vue/compiler-sfc@3.5.33 want: ^2.0.2
780 silly placeDep ROOT @vue/reactivity@3.5.33 OK for: @vue/runtime-dom@3.5.33 want: 3.5.33
781 silly placeDep ROOT @vue/runtime-core@3.5.33 OK for: @vue/runtime-dom@3.5.33 want: 3.5.33
782 silly placeDep ROOT csstype@3.2.3 OK for: @vue/runtime-dom@3.5.33 want: ^3.2.3
783 silly placeDep ROOT @vue/devtools-api@6.6.4 OK for: vue-router@4.6.4 want: ^6.6.4
784 silly placeDep ROOT @volar/typescript@2.4.28 OK for: vue-tsc@3.2.7 want: 2.4.28
785 silly placeDep ROOT @vue/language-core@3.2.7 OK for: vue-tsc@3.2.7 want: 3.2.7
786 silly fetch manifest @volar/language-core@2.4.28
787 silly packumentCache full:https://registry.npmjs.org/@volar%2flanguage-core cache-miss
788 silly fetch manifest path-browserify@^1.0.1
789 silly packumentCache full:https://registry.npmjs.org/path-browserify cache-miss
790 silly fetch manifest vscode-uri@^3.0.8
791 silly packumentCache full:https://registry.npmjs.org/vscode-uri cache-miss
792 silly fetch manifest @volar/language-core@2.4.28
793 silly packumentCache full:https://registry.npmjs.org/@volar%2flanguage-core cache-miss
794 silly fetch manifest alien-signals@^3.1.2
795 silly packumentCache full:https://registry.npmjs.org/alien-signals cache-miss
796 silly fetch manifest muggle-string@^0.4.1
797 silly packumentCache full:https://registry.npmjs.org/muggle-string cache-miss
798 silly fetch manifest path-browserify@^1.0.1
799 silly packumentCache full:https://registry.npmjs.org/path-browserify cache-miss
800 http fetch GET 200 https://registry.npmjs.org/muggle-string 220ms (cache miss)
801 silly packumentCache full:https://registry.npmjs.org/muggle-string set size:undefined disposed:false
802 http fetch GET 200 https://registry.npmjs.org/vscode-uri 222ms (cache miss)
803 silly packumentCache full:https://registry.npmjs.org/vscode-uri set size:undefined disposed:false
804 http fetch GET 200 https://registry.npmjs.org/path-browserify 229ms (cache miss)
805 silly packumentCache full:https://registry.npmjs.org/path-browserify set size:undefined disposed:false
806 http fetch GET 200 https://registry.npmjs.org/path-browserify 240ms (cache miss)
807 silly packumentCache full:https://registry.npmjs.org/path-browserify set size:undefined disposed:false
808 http fetch GET 200 https://registry.npmjs.org/alien-signals 264ms (cache miss)
809 silly packumentCache full:https://registry.npmjs.org/alien-signals set size:undefined disposed:false
810 http fetch GET 200 https://registry.npmjs.org/@volar%2flanguage-core 434ms (cache miss)
811 silly packumentCache full:https://registry.npmjs.org/@volar%2flanguage-core set size:undefined disposed:false
812 http fetch GET 200 https://registry.npmjs.org/@volar%2flanguage-core 499ms (cache miss)
813 silly packumentCache full:https://registry.npmjs.org/@volar%2flanguage-core set size:undefined disposed:false
814 silly placeDep ROOT @volar/language-core@2.4.28 OK for: @volar/typescript@2.4.28 want: 2.4.28
815 silly placeDep ROOT path-browserify@1.0.1 OK for: @volar/typescript@2.4.28 want: ^1.0.1
816 silly placeDep ROOT vscode-uri@3.1.0 OK for: @volar/typescript@2.4.28 want: ^3.0.8
817 silly fetch manifest @volar/source-map@2.4.28
818 silly packumentCache full:https://registry.npmjs.org/@volar%2fsource-map cache-miss
819 http fetch GET 200 https://registry.npmjs.org/@volar%2fsource-map 429ms (cache miss)
820 silly packumentCache full:https://registry.npmjs.org/@volar%2fsource-map set size:undefined disposed:false
821 silly placeDep ROOT @volar/source-map@2.4.28 OK for: @volar/language-core@2.4.28 want: 2.4.28
822 silly placeDep ROOT alien-signals@3.1.2 OK for: @vue/language-core@3.2.7 want: ^3.1.2
823 silly placeDep ROOT muggle-string@0.4.1 OK for: @vue/language-core@3.2.7 want: ^0.4.1
824 silly placeDep ROOT siginfo@2.0.0 OK for: why-is-node-running@2.3.0 want: ^2.0.0
825 silly placeDep ROOT stackback@0.0.2 OK for: why-is-node-running@2.3.0 want: 0.0.2
826 silly reify moves {}
827 silly audit bulk request {
827 silly audit   '@types/node': [ '24.12.2' ],
827 silly audit   '@vitejs/plugin-vue': [ '6.0.6' ],
827 silly audit   vite: [ '7.3.2' ],
827 silly audit   vue: [ '3.5.33' ],
827 silly audit   '@vue/tsconfig': [ '0.8.1' ],
827 silly audit   typescript: [ '5.9.3' ],
827 silly audit   vitest: [ '3.2.4' ],
827 silly audit   'vue-router': [ '4.6.4' ],
827 silly audit   'vue-tsc': [ '3.2.7' ],
827 silly audit   'undici-types': [ '7.16.0' ],
827 silly audit   '@rolldown/pluginutils': [ '1.0.0-rc.13' ],
827 silly audit   esbuild: [ '0.27.7' ],
827 silly audit   fdir: [ '6.5.0' ],
827 silly audit   fsevents: [ '2.3.3' ],
827 silly audit   picomatch: [ '4.0.4' ],
827 silly audit   postcss: [ '8.5.13' ],
827 silly audit   rollup: [ '4.60.2' ],
827 silly audit   tinyglobby: [ '0.2.16' ],
827 silly audit   '@esbuild/aix-ppc64': [ '0.27.7' ],
827 silly audit   '@esbuild/android-arm': [ '0.27.7' ],
827 silly audit   '@esbuild/android-arm64': [ '0.27.7' ],
827 silly audit   '@esbuild/android-x64': [ '0.27.7' ],
827 silly audit   '@esbuild/darwin-arm64': [ '0.27.7' ],
827 silly audit   '@esbuild/darwin-x64': [ '0.27.7' ],
827 silly audit   '@esbuild/freebsd-arm64': [ '0.27.7' ],
827 silly audit   '@esbuild/freebsd-x64': [ '0.27.7' ],
827 silly audit   '@esbuild/linux-arm': [ '0.27.7' ],
827 silly audit   '@esbuild/linux-arm64': [ '0.27.7' ],
827 silly audit   '@esbuild/linux-ia32': [ '0.27.7' ],
827 silly audit   '@esbuild/linux-loong64': [ '0.27.7' ],
827 silly audit   '@esbuild/linux-mips64el': [ '0.27.7' ],
827 silly audit   '@esbuild/linux-ppc64': [ '0.27.7' ],
827 silly audit   '@esbuild/linux-riscv64': [ '0.27.7' ],
827 silly audit   '@esbuild/linux-s390x': [ '0.27.7' ],
827 silly audit   '@esbuild/linux-x64': [ '0.27.7' ],
827 silly audit   '@esbuild/netbsd-arm64': [ '0.27.7' ],
827 silly audit   '@esbuild/netbsd-x64': [ '0.27.7' ],
827 silly audit   '@esbuild/openbsd-arm64': [ '0.27.7' ],
827 silly audit   '@esbuild/openbsd-x64': [ '0.27.7' ],
827 silly audit   '@esbuild/openharmony-arm64': [ '0.27.7' ],
827 silly audit   '@esbuild/sunos-x64': [ '0.27.7' ],
827 silly audit   '@esbuild/win32-arm64': [ '0.27.7' ],
827 silly audit   '@esbuild/win32-ia32': [ '0.27.7' ],
827 silly audit   '@esbuild/win32-x64': [ '0.27.7' ],
827 silly audit   nanoid: [ '3.3.12' ],
827 silly audit   picocolors: [ '1.1.1' ],
827 silly audit   'source-map-js': [ '1.2.1' ],
827 silly audit   '@rollup/rollup-android-arm-eabi': [ '4.60.2' ],
827 silly audit   '@rollup/rollup-android-arm64': [ '4.60.2' ],
827 silly audit   '@rollup/rollup-darwin-arm64': [ '4.60.2' ],
827 silly audit   '@rollup/rollup-darwin-x64': [ '4.60.2' ],
827 silly audit   '@rollup/rollup-freebsd-arm64': [ '4.60.2' ],
827 silly audit   '@rollup/rollup-freebsd-x64': [ '4.60.2' ],
827 silly audit   '@rollup/rollup-linux-arm-gnueabihf': [ '4.60.2' ],
827 silly audit   '@rollup/rollup-linux-arm-musleabihf': [ '4.60.2' ],
827 silly audit   '@rollup/rollup-linux-arm64-gnu': [ '4.60.2' ],
827 silly audit   '@rollup/rollup-linux-arm64-musl': [ '4.60.2' ],
827 silly audit   '@rollup/rollup-linux-loong64-gnu': [ '4.60.2' ],
827 silly audit   '@rollup/rollup-linux-loong64-musl': [ '4.60.2' ],
827 silly audit   '@rollup/rollup-linux-ppc64-gnu': [ '4.60.2' ],
827 silly audit   '@rollup/rollup-linux-ppc64-musl': [ '4.60.2' ],
827 silly audit   '@rollup/rollup-linux-riscv64-gnu': [ '4.60.2' ],
827 silly audit   '@rollup/rollup-linux-riscv64-musl': [ '4.60.2' ],
827 silly audit   '@rollup/rollup-linux-s390x-gnu': [ '4.60.2' ],
827 silly audit   '@rollup/rollup-linux-x64-gnu': [ '4.60.2' ],
827 silly audit   '@rollup/rollup-linux-x64-musl': [ '4.60.2' ],
827 silly audit   '@rollup/rollup-openbsd-x64': [ '4.60.2' ],
827 silly audit   '@rollup/rollup-openharmony-arm64': [ '4.60.2' ],
827 silly audit   '@rollup/rollup-win32-arm64-msvc': [ '4.60.2' ],
827 silly audit   '@rollup/rollup-win32-ia32-msvc': [ '4.60.2' ],
827 silly audit   '@rollup/rollup-win32-x64-gnu': [ '4.60.2' ],
827 silly audit   '@rollup/rollup-win32-x64-msvc': [ '4.60.2' ],
827 silly audit   '@types/estree': [ '1.0.8' ],
827 silly audit   '@types/chai': [ '5.2.3' ],
827 silly audit   '@vitest/expect': [ '3.2.4' ],
827 silly audit   '@vitest/mocker': [ '3.2.4' ],
827 silly audit   '@vitest/pretty-format': [ '3.2.4' ],
827 silly audit   '@vitest/runner': [ '3.2.4' ],
827 silly audit   '@vitest/snapshot': [ '3.2.4' ],
827 silly audit   '@vitest/spy': [ '3.2.4' ],
827 silly audit   '@vitest/utils': [ '3.2.4' ],
827 silly audit   chai: [ '5.3.3' ],
827 silly audit   debug: [ '4.4.3' ],
827 silly audit   'expect-type': [ '1.3.0' ],
827 silly audit   'magic-string': [ '0.30.21' ],
827 silly audit   pathe: [ '2.0.3' ],
827 silly audit   'std-env': [ '3.10.0' ],
827 silly audit   tinybench: [ '2.9.0' ],
827 silly audit   tinyexec: [ '0.3.2' ],
827 silly audit   tinypool: [ '1.1.1' ],
827 silly audit   tinyrainbow: [ '2.0.0' ],
827 silly audit   'vite-node': [ '3.2.4' ],
827 silly audit   'why-is-node-running': [ '2.3.0' ],
827 silly audit   '@types/deep-eql': [ '4.0.2' ],
827 silly audit   'assertion-error': [ '2.0.1' ],
827 silly audit   'estree-walker': [ '3.0.3', '2.0.2' ],
827 silly audit   'strip-literal': [ '3.1.0' ],
827 silly audit   tinyspy: [ '4.0.4' ],
827 silly audit   loupe: [ '3.2.1' ],
827 silly audit   'check-error': [ '2.1.3' ],
827 silly audit   'deep-eql': [ '5.0.2' ],
827 silly audit   pathval: [ '2.0.1' ],
827 silly audit   ms: [ '2.1.3' ],
827 silly audit   '@jridgewell/sourcemap-codec': [ '1.5.5' ],
827 silly audit   'js-tokens': [ '9.0.1' ],
827 silly audit   cac: [ '6.7.14' ],
827 silly audit   'es-module-lexer': [ '1.7.0' ],
827 silly audit   '@vue/compiler-dom': [ '3.5.33' ],
827 silly audit   '@vue/compiler-sfc': [ '3.5.33' ],
827 silly audit   '@vue/runtime-dom': [ '3.5.33' ],
827 silly audit   '@vue/server-renderer': [ '3.5.33' ],
827 silly audit   '@vue/shared': [ '3.5.33' ],
827 silly audit   '@vue/compiler-core': [ '3.5.33' ],
827 silly audit   '@babel/parser': [ '7.29.3' ],
827 silly audit   entities: [ '7.0.1' ],
827 silly audit   '@babel/types': [ '7.29.0' ],
827 silly audit   '@babel/helper-string-parser': [ '7.27.1' ],
827 silly audit   '@babel/helper-validator-identifier': [ '7.28.5' ],
827 silly audit   '@vue/compiler-ssr': [ '3.5.33' ],
827 silly audit   '@vue/reactivity': [ '3.5.33' ],
827 silly audit   '@vue/runtime-core': [ '3.5.33' ],
827 silly audit   csstype: [ '3.2.3' ],
827 silly audit   '@vue/devtools-api': [ '6.6.4' ],
827 silly audit   '@volar/typescript': [ '2.4.28' ],
827 silly audit   '@vue/language-core': [ '3.2.7' ],
827 silly audit   '@volar/language-core': [ '2.4.28' ],
827 silly audit   'path-browserify': [ '1.0.1' ],
827 silly audit   'vscode-uri': [ '3.1.0' ],
827 silly audit   '@volar/source-map': [ '2.4.28' ],
827 silly audit   'alien-signals': [ '3.1.2' ],
827 silly audit   'muggle-string': [ '0.4.1' ],
827 silly audit   siginfo: [ '2.0.0' ],
827 silly audit   stackback: [ '0.0.2' ]
827 silly audit }
828 http cache stackback@https://registry.npmjs.org/stackback/-/stackback-0.0.2.tgz 0ms (cache hit)
829 http cache @volar/source-map@https://registry.npmjs.org/@volar/source-map/-/source-map-2.4.28.tgz 0ms (cache hit)
830 http cache muggle-string@https://registry.npmjs.org/muggle-string/-/muggle-string-0.4.1.tgz 0ms (cache hit)
831 http cache siginfo@https://registry.npmjs.org/siginfo/-/siginfo-2.0.0.tgz 0ms (cache hit)
832 http cache @volar/typescript@https://registry.npmjs.org/@volar/typescript/-/typescript-2.4.28.tgz 0ms (cache hit)
833 http cache vscode-uri@https://registry.npmjs.org/vscode-uri/-/vscode-uri-3.1.0.tgz 0ms (cache hit)
834 http cache alien-signals@https://registry.npmjs.org/alien-signals/-/alien-signals-3.1.2.tgz 0ms (cache hit)
835 http cache path-browserify@https://registry.npmjs.org/path-browserify/-/path-browserify-1.0.1.tgz 0ms (cache hit)
836 http cache @volar/language-core@https://registry.npmjs.org/@volar/language-core/-/language-core-2.4.28.tgz 0ms (cache hit)
837 http cache @vue/devtools-api@https://registry.npmjs.org/@vue/devtools-api/-/devtools-api-6.6.4.tgz 0ms (cache hit)
838 http cache csstype@https://registry.npmjs.org/csstype/-/csstype-3.2.3.tgz 0ms (cache hit)
839 http cache @vue/compiler-ssr@https://registry.npmjs.org/@vue/compiler-ssr/-/compiler-ssr-3.5.33.tgz 0ms (cache hit)
840 http cache @vue/language-core@https://registry.npmjs.org/@vue/language-core/-/language-core-3.2.7.tgz 0ms (cache hit)
841 http cache @vue/runtime-core@https://registry.npmjs.org/@vue/runtime-core/-/runtime-core-3.5.33.tgz 0ms (cache hit)
842 http cache entities@https://registry.npmjs.org/entities/-/entities-7.0.1.tgz 0ms (cache hit)
843 http cache @vue/reactivity@https://registry.npmjs.org/@vue/reactivity/-/reactivity-3.5.33.tgz 0ms (cache hit)
844 http cache @babel/helper-validator-identifier@https://registry.npmjs.org/@babel/helper-validator-identifier/-/helper-validator-identifier-7.28.5.tgz 0ms (cache hit)
845 http cache @babel/parser@https://registry.npmjs.org/@babel/parser/-/parser-7.29.3.tgz 0ms (cache hit)
846 http cache @babel/types@https://registry.npmjs.org/@babel/types/-/types-7.29.0.tgz 0ms (cache hit)
847 http cache @babel/helper-string-parser@https://registry.npmjs.org/@babel/helper-string-parser/-/helper-string-parser-7.27.1.tgz 0ms (cache hit)
848 http cache @vue/server-renderer@https://registry.npmjs.org/@vue/server-renderer/-/server-renderer-3.5.33.tgz 0ms (cache hit)
849 http cache @vue/runtime-dom@https://registry.npmjs.org/@vue/runtime-dom/-/runtime-dom-3.5.33.tgz 0ms (cache hit)
850 http cache @vue/shared@https://registry.npmjs.org/@vue/shared/-/shared-3.5.33.tgz 0ms (cache hit)
851 http cache @vue/compiler-core@https://registry.npmjs.org/@vue/compiler-core/-/compiler-core-3.5.33.tgz 0ms (cache hit)
852 http cache es-module-lexer@https://registry.npmjs.org/es-module-lexer/-/es-module-lexer-1.7.0.tgz 0ms (cache hit)
853 http cache @vue/compiler-dom@https://registry.npmjs.org/@vue/compiler-dom/-/compiler-dom-3.5.33.tgz 1ms (cache hit)
854 http cache @jridgewell/sourcemap-codec@https://registry.npmjs.org/@jridgewell/sourcemap-codec/-/sourcemap-codec-1.5.5.tgz 0ms (cache hit)
855 http cache ms@https://registry.npmjs.org/ms/-/ms-2.1.3.tgz 0ms (cache hit)
856 http cache @vue/compiler-sfc@https://registry.npmjs.org/@vue/compiler-sfc/-/compiler-sfc-3.5.33.tgz 0ms (cache hit)
857 http cache pathval@https://registry.npmjs.org/pathval/-/pathval-2.0.1.tgz 0ms (cache hit)
858 http cache cac@https://registry.npmjs.org/cac/-/cac-6.7.14.tgz 0ms (cache hit)
859 http cache js-tokens@https://registry.npmjs.org/js-tokens/-/js-tokens-9.0.1.tgz 0ms (cache hit)
860 http cache tinyspy@https://registry.npmjs.org/tinyspy/-/tinyspy-4.0.4.tgz 0ms (cache hit)
861 http cache strip-literal@https://registry.npmjs.org/strip-literal/-/strip-literal-3.1.0.tgz 0ms (cache hit)
862 http cache deep-eql@https://registry.npmjs.org/deep-eql/-/deep-eql-5.0.2.tgz 0ms (cache hit)
863 http cache check-error@https://registry.npmjs.org/check-error/-/check-error-2.1.3.tgz 0ms (cache hit)
864 http cache estree-walker@https://registry.npmjs.org/estree-walker/-/estree-walker-3.0.3.tgz 0ms (cache hit)
865 http cache loupe@https://registry.npmjs.org/loupe/-/loupe-3.2.1.tgz 0ms (cache hit)
866 http cache assertion-error@https://registry.npmjs.org/assertion-error/-/assertion-error-2.0.1.tgz 0ms (cache hit)
867 http cache why-is-node-running@https://registry.npmjs.org/why-is-node-running/-/why-is-node-running-2.3.0.tgz 0ms (cache hit)
868 http cache @types/deep-eql@https://registry.npmjs.org/@types/deep-eql/-/deep-eql-4.0.2.tgz 0ms (cache hit)
869 http cache tinyrainbow@https://registry.npmjs.org/tinyrainbow/-/tinyrainbow-2.0.0.tgz 0ms (cache hit)
870 http cache tinypool@https://registry.npmjs.org/tinypool/-/tinypool-1.1.1.tgz 0ms (cache hit)
871 http cache vite-node@https://registry.npmjs.org/vite-node/-/vite-node-3.2.4.tgz 0ms (cache hit)
872 http cache tinyexec@https://registry.npmjs.org/tinyexec/-/tinyexec-0.3.2.tgz 0ms (cache hit)
873 http cache tinybench@https://registry.npmjs.org/tinybench/-/tinybench-2.9.0.tgz 0ms (cache hit)
874 http cache std-env@https://registry.npmjs.org/std-env/-/std-env-3.10.0.tgz 0ms (cache hit)
875 http cache pathe@https://registry.npmjs.org/pathe/-/pathe-2.0.3.tgz 0ms (cache hit)
876 http cache chai@https://registry.npmjs.org/chai/-/chai-5.3.3.tgz 0ms (cache hit)
877 http cache magic-string@https://registry.npmjs.org/magic-string/-/magic-string-0.30.21.tgz 0ms (cache hit)
878 http cache expect-type@https://registry.npmjs.org/expect-type/-/expect-type-1.3.0.tgz 0ms (cache hit)
879 http cache @vitest/spy@https://registry.npmjs.org/@vitest/spy/-/spy-3.2.4.tgz 0ms (cache hit)
880 http cache debug@https://registry.npmjs.org/debug/-/debug-4.4.3.tgz 0ms (cache hit)
881 http cache @vitest/utils@https://registry.npmjs.org/@vitest/utils/-/utils-3.2.4.tgz 0ms (cache hit)
882 http cache @vitest/runner@https://registry.npmjs.org/@vitest/runner/-/runner-3.2.4.tgz 0ms (cache hit)
883 http cache @vitest/snapshot@https://registry.npmjs.org/@vitest/snapshot/-/snapshot-3.2.4.tgz 0ms (cache hit)
884 http cache @vitest/mocker@https://registry.npmjs.org/@vitest/mocker/-/mocker-3.2.4.tgz 0ms (cache hit)
885 http cache @types/chai@https://registry.npmjs.org/@types/chai/-/chai-5.2.3.tgz 0ms (cache hit)
886 http cache @vitest/pretty-format@https://registry.npmjs.org/@vitest/pretty-format/-/pretty-format-3.2.4.tgz 0ms (cache hit)
887 http cache @vitest/expect@https://registry.npmjs.org/@vitest/expect/-/expect-3.2.4.tgz 0ms (cache hit)
888 http cache @types/estree@https://registry.npmjs.org/@types/estree/-/estree-1.0.8.tgz 0ms (cache hit)
889 http cache @rollup/rollup-win32-x64-gnu@https://registry.npmjs.org/@rollup/rollup-win32-x64-gnu/-/rollup-win32-x64-gnu-4.60.2.tgz 0ms (cache hit)
890 http cache nanoid@https://registry.npmjs.org/nanoid/-/nanoid-3.3.12.tgz 0ms (cache hit)
891 http cache postcss@https://registry.npmjs.org/postcss/-/postcss-8.5.13.tgz 0ms (cache hit)
892 http cache @esbuild/win32-x64@https://registry.npmjs.org/@esbuild/win32-x64/-/win32-x64-0.27.7.tgz 0ms (cache hit)
893 http cache @rollup/rollup-win32-x64-msvc@https://registry.npmjs.org/@rollup/rollup-win32-x64-msvc/-/rollup-win32-x64-msvc-4.60.2.tgz 0ms (cache hit)
894 http cache rollup@https://registry.npmjs.org/rollup/-/rollup-4.60.2.tgz 0ms (cache hit)
895 http cache tinyglobby@https://registry.npmjs.org/tinyglobby/-/tinyglobby-0.2.16.tgz 0ms (cache hit)
896 http cache source-map-js@https://registry.npmjs.org/source-map-js/-/source-map-js-1.2.1.tgz 0ms (cache hit)
897 http cache fdir@https://registry.npmjs.org/fdir/-/fdir-6.5.0.tgz 0ms (cache hit)
898 http cache picocolors@https://registry.npmjs.org/picocolors/-/picocolors-1.1.1.tgz 0ms (cache hit)
899 http cache undici-types@https://registry.npmjs.org/undici-types/-/undici-types-7.16.0.tgz 0ms (cache hit)
900 http cache esbuild@https://registry.npmjs.org/esbuild/-/esbuild-0.27.7.tgz 0ms (cache hit)
901 http cache picomatch@https://registry.npmjs.org/picomatch/-/picomatch-4.0.4.tgz 0ms (cache hit)
902 http cache @vue/tsconfig@https://registry.npmjs.org/@vue/tsconfig/-/tsconfig-0.8.1.tgz 0ms (cache hit)
903 http cache @rolldown/pluginutils@https://registry.npmjs.org/@rolldown/pluginutils/-/pluginutils-1.0.0-rc.13.tgz 0ms (cache hit)
904 http cache vue-router@https://registry.npmjs.org/vue-router/-/vue-router-4.6.4.tgz 0ms (cache hit)
905 http cache vue-tsc@https://registry.npmjs.org/vue-tsc/-/vue-tsc-3.2.7.tgz 0ms (cache hit)
906 http cache vue@https://registry.npmjs.org/vue/-/vue-3.5.33.tgz 0ms (cache hit)
907 http cache typescript@https://registry.npmjs.org/typescript/-/typescript-5.9.3.tgz 0ms (cache hit)
908 http cache vite@https://registry.npmjs.org/vite/-/vite-7.3.2.tgz 0ms (cache hit)
909 http cache @vitejs/plugin-vue@https://registry.npmjs.org/@vitejs/plugin-vue/-/plugin-vue-6.0.6.tgz 0ms (cache hit)
910 http cache vitest@https://registry.npmjs.org/vitest/-/vitest-3.2.4.tgz 0ms (cache hit)
911 http cache estree-walker@https://registry.npmjs.org/estree-walker/-/estree-walker-2.0.2.tgz 0ms (cache hit)
912 http cache estree-walker@https://registry.npmjs.org/estree-walker/-/estree-walker-2.0.2.tgz 0ms (cache hit)
913 http cache @types/node@https://registry.npmjs.org/@types/node/-/node-24.12.2.tgz 0ms (cache hit)
914 silly tarball no local data for stackback@https://registry.npmjs.org/stackback/-/stackback-0.0.2.tgz. Extracting by manifest.
915 silly tarball no local data for @volar/source-map@https://registry.npmjs.org/@volar/source-map/-/source-map-2.4.28.tgz. Extracting by manifest.
916 silly tarball no local data for muggle-string@https://registry.npmjs.org/muggle-string/-/muggle-string-0.4.1.tgz. Extracting by manifest.
917 silly tarball no local data for siginfo@https://registry.npmjs.org/siginfo/-/siginfo-2.0.0.tgz. Extracting by manifest.
918 silly tarball no local data for @volar/typescript@https://registry.npmjs.org/@volar/typescript/-/typescript-2.4.28.tgz. Extracting by manifest.
919 silly tarball no local data for vscode-uri@https://registry.npmjs.org/vscode-uri/-/vscode-uri-3.1.0.tgz. Extracting by manifest.
920 silly tarball no local data for alien-signals@https://registry.npmjs.org/alien-signals/-/alien-signals-3.1.2.tgz. Extracting by manifest.
921 silly tarball no local data for path-browserify@https://registry.npmjs.org/path-browserify/-/path-browserify-1.0.1.tgz. Extracting by manifest.
922 silly tarball no local data for @volar/language-core@https://registry.npmjs.org/@volar/language-core/-/language-core-2.4.28.tgz. Extracting by manifest.
923 silly tarball no local data for @vue/devtools-api@https://registry.npmjs.org/@vue/devtools-api/-/devtools-api-6.6.4.tgz. Extracting by manifest.
924 silly tarball no local data for csstype@https://registry.npmjs.org/csstype/-/csstype-3.2.3.tgz. Extracting by manifest.
925 silly tarball no local data for @vue/compiler-ssr@https://registry.npmjs.org/@vue/compiler-ssr/-/compiler-ssr-3.5.33.tgz. Extracting by manifest.
926 silly tarball no local data for @vue/language-core@https://registry.npmjs.org/@vue/language-core/-/language-core-3.2.7.tgz. Extracting by manifest.
927 silly tarball no local data for @vue/runtime-core@https://registry.npmjs.org/@vue/runtime-core/-/runtime-core-3.5.33.tgz. Extracting by manifest.
928 silly tarball no local data for entities@https://registry.npmjs.org/entities/-/entities-7.0.1.tgz. Extracting by manifest.
929 silly tarball no local data for @vue/reactivity@https://registry.npmjs.org/@vue/reactivity/-/reactivity-3.5.33.tgz. Extracting by manifest.
930 silly tarball no local data for @babel/helper-validator-identifier@https://registry.npmjs.org/@babel/helper-validator-identifier/-/helper-validator-identifier-7.28.5.tgz. Extracting by manifest.
931 silly tarball no local data for @babel/parser@https://registry.npmjs.org/@babel/parser/-/parser-7.29.3.tgz. Extracting by manifest.
932 silly tarball no local data for @babel/types@https://registry.npmjs.org/@babel/types/-/types-7.29.0.tgz. Extracting by manifest.
933 silly tarball no local data for @babel/helper-string-parser@https://registry.npmjs.org/@babel/helper-string-parser/-/helper-string-parser-7.27.1.tgz. Extracting by manifest.
934 silly tarball no local data for @vue/server-renderer@https://registry.npmjs.org/@vue/server-renderer/-/server-renderer-3.5.33.tgz. Extracting by manifest.
935 silly tarball no local data for @vue/runtime-dom@https://registry.npmjs.org/@vue/runtime-dom/-/runtime-dom-3.5.33.tgz. Extracting by manifest.
936 silly tarball no local data for @vue/shared@https://registry.npmjs.org/@vue/shared/-/shared-3.5.33.tgz. Extracting by manifest.
937 silly tarball no local data for @vue/compiler-core@https://registry.npmjs.org/@vue/compiler-core/-/compiler-core-3.5.33.tgz. Extracting by manifest.
938 silly tarball no local data for es-module-lexer@https://registry.npmjs.org/es-module-lexer/-/es-module-lexer-1.7.0.tgz. Extracting by manifest.
939 silly tarball no local data for @vue/compiler-dom@https://registry.npmjs.org/@vue/compiler-dom/-/compiler-dom-3.5.33.tgz. Extracting by manifest.
940 silly tarball no local data for @jridgewell/sourcemap-codec@https://registry.npmjs.org/@jridgewell/sourcemap-codec/-/sourcemap-codec-1.5.5.tgz. Extracting by manifest.
941 silly tarball no local data for ms@https://registry.npmjs.org/ms/-/ms-2.1.3.tgz. Extracting by manifest.
942 silly tarball no local data for @vue/compiler-sfc@https://registry.npmjs.org/@vue/compiler-sfc/-/compiler-sfc-3.5.33.tgz. Extracting by manifest.
943 silly tarball no local data for pathval@https://registry.npmjs.org/pathval/-/pathval-2.0.1.tgz. Extracting by manifest.
944 silly tarball no local data for cac@https://registry.npmjs.org/cac/-/cac-6.7.14.tgz. Extracting by manifest.
945 silly tarball no local data for js-tokens@https://registry.npmjs.org/js-tokens/-/js-tokens-9.0.1.tgz. Extracting by manifest.
946 silly tarball no local data for tinyspy@https://registry.npmjs.org/tinyspy/-/tinyspy-4.0.4.tgz. Extracting by manifest.
947 silly tarball no local data for strip-literal@https://registry.npmjs.org/strip-literal/-/strip-literal-3.1.0.tgz. Extracting by manifest.
948 silly tarball no local data for deep-eql@https://registry.npmjs.org/deep-eql/-/deep-eql-5.0.2.tgz. Extracting by manifest.
949 silly tarball no local data for check-error@https://registry.npmjs.org/check-error/-/check-error-2.1.3.tgz. Extracting by manifest.
950 silly tarball no local data for estree-walker@https://registry.npmjs.org/estree-walker/-/estree-walker-3.0.3.tgz. Extracting by manifest.
951 silly tarball no local data for loupe@https://registry.npmjs.org/loupe/-/loupe-3.2.1.tgz. Extracting by manifest.
952 silly tarball no local data for assertion-error@https://registry.npmjs.org/assertion-error/-/assertion-error-2.0.1.tgz. Extracting by manifest.
953 silly tarball no local data for why-is-node-running@https://registry.npmjs.org/why-is-node-running/-/why-is-node-running-2.3.0.tgz. Extracting by manifest.
954 silly tarball no local data for @types/deep-eql@https://registry.npmjs.org/@types/deep-eql/-/deep-eql-4.0.2.tgz. Extracting by manifest.
955 silly tarball no local data for tinyrainbow@https://registry.npmjs.org/tinyrainbow/-/tinyrainbow-2.0.0.tgz. Extracting by manifest.
956 silly tarball no local data for tinypool@https://registry.npmjs.org/tinypool/-/tinypool-1.1.1.tgz. Extracting by manifest.
957 silly tarball no local data for vite-node@https://registry.npmjs.org/vite-node/-/vite-node-3.2.4.tgz. Extracting by manifest.
958 silly tarball no local data for tinyexec@https://registry.npmjs.org/tinyexec/-/tinyexec-0.3.2.tgz. Extracting by manifest.
959 silly tarball no local data for tinybench@https://registry.npmjs.org/tinybench/-/tinybench-2.9.0.tgz. Extracting by manifest.
960 silly tarball no local data for std-env@https://registry.npmjs.org/std-env/-/std-env-3.10.0.tgz. Extracting by manifest.
961 silly tarball no local data for pathe@https://registry.npmjs.org/pathe/-/pathe-2.0.3.tgz. Extracting by manifest.
962 silly tarball no local data for chai@https://registry.npmjs.org/chai/-/chai-5.3.3.tgz. Extracting by manifest.
963 silly tarball no local data for magic-string@https://registry.npmjs.org/magic-string/-/magic-string-0.30.21.tgz. Extracting by manifest.
964 silly tarball no local data for expect-type@https://registry.npmjs.org/expect-type/-/expect-type-1.3.0.tgz. Extracting by manifest.
965 silly tarball no local data for @vitest/spy@https://registry.npmjs.org/@vitest/spy/-/spy-3.2.4.tgz. Extracting by manifest.
966 silly tarball no local data for debug@https://registry.npmjs.org/debug/-/debug-4.4.3.tgz. Extracting by manifest.
967 silly tarball no local data for @vitest/utils@https://registry.npmjs.org/@vitest/utils/-/utils-3.2.4.tgz. Extracting by manifest.
968 silly tarball no local data for @vitest/runner@https://registry.npmjs.org/@vitest/runner/-/runner-3.2.4.tgz. Extracting by manifest.
969 silly tarball no local data for @vitest/snapshot@https://registry.npmjs.org/@vitest/snapshot/-/snapshot-3.2.4.tgz. Extracting by manifest.
970 silly tarball no local data for @vitest/mocker@https://registry.npmjs.org/@vitest/mocker/-/mocker-3.2.4.tgz. Extracting by manifest.
971 silly tarball no local data for @types/chai@https://registry.npmjs.org/@types/chai/-/chai-5.2.3.tgz. Extracting by manifest.
972 silly tarball no local data for @vitest/pretty-format@https://registry.npmjs.org/@vitest/pretty-format/-/pretty-format-3.2.4.tgz. Extracting by manifest.
973 silly tarball no local data for @vitest/expect@https://registry.npmjs.org/@vitest/expect/-/expect-3.2.4.tgz. Extracting by manifest.
974 silly tarball no local data for @types/estree@https://registry.npmjs.org/@types/estree/-/estree-1.0.8.tgz. Extracting by manifest.
975 silly tarball no local data for @rollup/rollup-win32-x64-gnu@https://registry.npmjs.org/@rollup/rollup-win32-x64-gnu/-/rollup-win32-x64-gnu-4.60.2.tgz. Extracting by manifest.
976 silly tarball no local data for nanoid@https://registry.npmjs.org/nanoid/-/nanoid-3.3.12.tgz. Extracting by manifest.
977 silly tarball no local data for postcss@https://registry.npmjs.org/postcss/-/postcss-8.5.13.tgz. Extracting by manifest.
978 silly tarball no local data for @esbuild/win32-x64@https://registry.npmjs.org/@esbuild/win32-x64/-/win32-x64-0.27.7.tgz. Extracting by manifest.
979 silly tarball no local data for @rollup/rollup-win32-x64-msvc@https://registry.npmjs.org/@rollup/rollup-win32-x64-msvc/-/rollup-win32-x64-msvc-4.60.2.tgz. Extracting by manifest.
980 silly tarball no local data for rollup@https://registry.npmjs.org/rollup/-/rollup-4.60.2.tgz. Extracting by manifest.
981 silly tarball no local data for tinyglobby@https://registry.npmjs.org/tinyglobby/-/tinyglobby-0.2.16.tgz. Extracting by manifest.
982 silly tarball no local data for source-map-js@https://registry.npmjs.org/source-map-js/-/source-map-js-1.2.1.tgz. Extracting by manifest.
983 silly tarball no local data for fdir@https://registry.npmjs.org/fdir/-/fdir-6.5.0.tgz. Extracting by manifest.
984 silly tarball no local data for picocolors@https://registry.npmjs.org/picocolors/-/picocolors-1.1.1.tgz. Extracting by manifest.
985 silly tarball no local data for undici-types@https://registry.npmjs.org/undici-types/-/undici-types-7.16.0.tgz. Extracting by manifest.
986 silly tarball no local data for esbuild@https://registry.npmjs.org/esbuild/-/esbuild-0.27.7.tgz. Extracting by manifest.
987 silly tarball no local data for picomatch@https://registry.npmjs.org/picomatch/-/picomatch-4.0.4.tgz. Extracting by manifest.
988 silly tarball no local data for @vue/tsconfig@https://registry.npmjs.org/@vue/tsconfig/-/tsconfig-0.8.1.tgz. Extracting by manifest.
989 silly tarball no local data for @rolldown/pluginutils@https://registry.npmjs.org/@rolldown/pluginutils/-/pluginutils-1.0.0-rc.13.tgz. Extracting by manifest.
990 silly tarball no local data for vue-router@https://registry.npmjs.org/vue-router/-/vue-router-4.6.4.tgz. Extracting by manifest.
991 silly tarball no local data for vue-tsc@https://registry.npmjs.org/vue-tsc/-/vue-tsc-3.2.7.tgz. Extracting by manifest.
992 silly tarball no local data for vue@https://registry.npmjs.org/vue/-/vue-3.5.33.tgz. Extracting by manifest.
993 silly tarball no local data for typescript@https://registry.npmjs.org/typescript/-/typescript-5.9.3.tgz. Extracting by manifest.
994 silly tarball no local data for vite@https://registry.npmjs.org/vite/-/vite-7.3.2.tgz. Extracting by manifest.
995 silly tarball no local data for @vitejs/plugin-vue@https://registry.npmjs.org/@vitejs/plugin-vue/-/plugin-vue-6.0.6.tgz. Extracting by manifest.
996 silly tarball no local data for vitest@https://registry.npmjs.org/vitest/-/vitest-3.2.4.tgz. Extracting by manifest.
997 silly tarball no local data for estree-walker@https://registry.npmjs.org/estree-walker/-/estree-walker-2.0.2.tgz. Extracting by manifest.
998 silly tarball no local data for estree-walker@https://registry.npmjs.org/estree-walker/-/estree-walker-2.0.2.tgz. Extracting by manifest.
999 silly tarball no local data for @types/node@https://registry.npmjs.org/@types/node/-/node-24.12.2.tgz. Extracting by manifest.
1000 http fetch GET 200 https://registry.npmjs.org/muggle-string/-/muggle-string-0.4.1.tgz 215ms (cache miss)
1001 http fetch GET 200 https://registry.npmjs.org/siginfo/-/siginfo-2.0.0.tgz 219ms (cache miss)
1002 http fetch GET 200 https://registry.npmjs.org/stackback/-/stackback-0.0.2.tgz 238ms (cache miss)
1003 http fetch GET 200 https://registry.npmjs.org/alien-signals/-/alien-signals-3.1.2.tgz 236ms (cache miss)
1004 http fetch GET 200 https://registry.npmjs.org/@vue/compiler-ssr/-/compiler-ssr-3.5.33.tgz 245ms (cache miss)
1005 http fetch POST 200 https://registry.npmjs.org/-/npm/v1/security/advisories/bulk 302ms
1006 silly audit report {}
1007 http fetch GET 200 https://registry.npmjs.org/@volar/language-core/-/language-core-2.4.28.tgz 270ms (cache miss)
1008 http fetch GET 200 https://registry.npmjs.org/@vue/devtools-api/-/devtools-api-6.6.4.tgz 278ms (cache miss)
1009 http fetch GET 200 https://registry.npmjs.org/@vue/runtime-core/-/runtime-core-3.5.33.tgz 297ms (cache miss)
1010 http fetch GET 200 https://registry.npmjs.org/path-browserify/-/path-browserify-1.0.1.tgz 304ms (cache miss)
1011 http fetch GET 200 https://registry.npmjs.org/csstype/-/csstype-3.2.3.tgz 315ms (cache miss)
1012 http fetch GET 200 https://registry.npmjs.org/@volar/source-map/-/source-map-2.4.28.tgz 332ms (cache miss)
1013 http fetch GET 200 https://registry.npmjs.org/vscode-uri/-/vscode-uri-3.1.0.tgz 336ms (cache miss)
1014 http fetch GET 200 https://registry.npmjs.org/@volar/typescript/-/typescript-2.4.28.tgz 381ms (cache miss)
1015 http fetch GET 200 https://registry.npmjs.org/@babel/helper-string-parser/-/helper-string-parser-7.27.1.tgz 435ms (cache miss)
1016 http fetch GET 200 https://registry.npmjs.org/@babel/helper-validator-identifier/-/helper-validator-identifier-7.28.5.tgz 472ms (cache miss)
1017 http fetch GET 200 https://registry.npmjs.org/ms/-/ms-2.1.3.tgz 478ms (cache miss)
1018 http fetch GET 200 https://registry.npmjs.org/es-module-lexer/-/es-module-lexer-1.7.0.tgz 492ms (cache miss)
1019 http fetch GET 200 https://registry.npmjs.org/@vue/shared/-/shared-3.5.33.tgz 497ms (cache miss)
1020 http fetch GET 200 https://registry.npmjs.org/@vue/runtime-dom/-/runtime-dom-3.5.33.tgz 543ms (cache miss)
1021 http fetch GET 200 https://registry.npmjs.org/@vue/compiler-dom/-/compiler-dom-3.5.33.tgz 546ms (cache miss)
1022 http fetch GET 200 https://registry.npmjs.org/@vue/reactivity/-/reactivity-3.5.33.tgz 557ms (cache miss)
1023 http fetch GET 200 https://registry.npmjs.org/@vue/compiler-core/-/compiler-core-3.5.33.tgz 561ms (cache miss)
1024 http fetch GET 200 https://registry.npmjs.org/@jridgewell/sourcemap-codec/-/sourcemap-codec-1.5.5.tgz 563ms (cache miss)
1025 http fetch GET 200 https://registry.npmjs.org/pathval/-/pathval-2.0.1.tgz 604ms (cache miss)
1026 http fetch GET 200 https://registry.npmjs.org/@babel/parser/-/parser-7.29.3.tgz 617ms (cache miss)
1027 http fetch GET 200 https://registry.npmjs.org/js-tokens/-/js-tokens-9.0.1.tgz 620ms (cache miss)
1028 http fetch GET 200 https://registry.npmjs.org/tinyspy/-/tinyspy-4.0.4.tgz 620ms (cache miss)
1029 http fetch GET 200 https://registry.npmjs.org/@vue/server-renderer/-/server-renderer-3.5.33.tgz 628ms (cache miss)
1030 http fetch GET 200 https://registry.npmjs.org/strip-literal/-/strip-literal-3.1.0.tgz 626ms (cache miss)
1031 http fetch GET 200 https://registry.npmjs.org/deep-eql/-/deep-eql-5.0.2.tgz 634ms (cache miss)
1032 http fetch GET 200 https://registry.npmjs.org/check-error/-/check-error-2.1.3.tgz 644ms (cache miss)
1033 http fetch GET 200 https://registry.npmjs.org/cac/-/cac-6.7.14.tgz 648ms (cache miss)
1034 http fetch GET 200 https://registry.npmjs.org/estree-walker/-/estree-walker-3.0.3.tgz 654ms (cache miss)
1035 http fetch GET 200 https://registry.npmjs.org/assertion-error/-/assertion-error-2.0.1.tgz 713ms (cache miss)
1036 http fetch GET 200 https://registry.npmjs.org/@vue/language-core/-/language-core-3.2.7.tgz 723ms (cache miss)
1037 http fetch GET 200 https://registry.npmjs.org/why-is-node-running/-/why-is-node-running-2.3.0.tgz 726ms (cache miss)
1038 http fetch GET 200 https://registry.npmjs.org/entities/-/entities-7.0.1.tgz 753ms (cache miss)
1039 http fetch GET 200 https://registry.npmjs.org/@vue/compiler-sfc/-/compiler-sfc-3.5.33.tgz 750ms (cache miss)
1040 http fetch GET 200 https://registry.npmjs.org/@types/deep-eql/-/deep-eql-4.0.2.tgz 757ms (cache miss)
1041 http fetch GET 200 https://registry.npmjs.org/tinyexec/-/tinyexec-0.3.2.tgz 771ms (cache miss)
1042 http fetch GET 200 https://registry.npmjs.org/tinyrainbow/-/tinyrainbow-2.0.0.tgz 774ms (cache miss)
1043 http fetch GET 200 https://registry.npmjs.org/loupe/-/loupe-3.2.1.tgz 794ms (cache miss)
1044 http fetch GET 200 https://registry.npmjs.org/tinypool/-/tinypool-1.1.1.tgz 795ms (cache miss)
1045 http fetch GET 200 https://registry.npmjs.org/std-env/-/std-env-3.10.0.tgz 794ms (cache miss)
1046 http fetch GET 200 https://registry.npmjs.org/pathe/-/pathe-2.0.3.tgz 812ms (cache miss)
1047 http fetch GET 200 https://registry.npmjs.org/tinybench/-/tinybench-2.9.0.tgz 819ms (cache miss)
1048 http fetch GET 200 https://registry.npmjs.org/expect-type/-/expect-type-1.3.0.tgz 868ms (cache miss)
1049 http fetch GET 200 https://registry.npmjs.org/vite-node/-/vite-node-3.2.4.tgz 871ms (cache miss)
1050 http fetch GET 200 https://registry.npmjs.org/@vitest/spy/-/spy-3.2.4.tgz 876ms (cache miss)
1051 http fetch GET 200 https://registry.npmjs.org/magic-string/-/magic-string-0.30.21.tgz 881ms (cache miss)
1052 http fetch GET 200 https://registry.npmjs.org/debug/-/debug-4.4.3.tgz 890ms (cache miss)
1053 http fetch GET 200 https://registry.npmjs.org/chai/-/chai-5.3.3.tgz 929ms (cache miss)
1054 http fetch GET 200 https://registry.npmjs.org/@vitest/runner/-/runner-3.2.4.tgz 939ms (cache miss)
1055 http fetch GET 200 https://registry.npmjs.org/@types/chai/-/chai-5.2.3.tgz 960ms (cache miss)
1056 http fetch GET 200 https://registry.npmjs.org/@vitest/pretty-format/-/pretty-format-3.2.4.tgz 979ms (cache miss)
1057 http fetch GET 200 https://registry.npmjs.org/@types/estree/-/estree-1.0.8.tgz 988ms (cache miss)
1058 http fetch GET 200 https://registry.npmjs.org/nanoid/-/nanoid-3.3.12.tgz 988ms (cache miss)
1059 http fetch GET 200 https://registry.npmjs.org/@vitest/expect/-/expect-3.2.4.tgz 995ms (cache miss)
1060 http fetch GET 200 https://registry.npmjs.org/@vitest/snapshot/-/snapshot-3.2.4.tgz 1002ms (cache miss)
1061 http fetch GET 200 https://registry.npmjs.org/@vitest/utils/-/utils-3.2.4.tgz 1004ms (cache miss)
1062 http fetch GET 200 https://registry.npmjs.org/@babel/types/-/types-7.29.0.tgz 1030ms (cache miss)
1063 http fetch GET 200 https://registry.npmjs.org/@vitest/mocker/-/mocker-3.2.4.tgz 1017ms (cache miss)
1064 http fetch GET 200 https://registry.npmjs.org/@rollup/rollup-win32-x64-gnu/-/rollup-win32-x64-gnu-4.60.2.tgz 1036ms (cache miss)
1065 http fetch GET 200 https://registry.npmjs.org/tinyglobby/-/tinyglobby-0.2.16.tgz 1057ms (cache miss)
1066 http fetch GET 200 https://registry.npmjs.org/source-map-js/-/source-map-js-1.2.1.tgz 1124ms (cache miss)
1067 http fetch GET 200 https://registry.npmjs.org/postcss/-/postcss-8.5.13.tgz 1146ms (cache miss)
1068 http fetch GET 200 https://registry.npmjs.org/picocolors/-/picocolors-1.1.1.tgz 1152ms (cache miss)
1069 http fetch GET 200 https://registry.npmjs.org/fdir/-/fdir-6.5.0.tgz 1160ms (cache miss)
1070 http fetch GET 200 https://registry.npmjs.org/esbuild/-/esbuild-0.27.7.tgz 1163ms (cache miss)
1071 http fetch GET 200 https://registry.npmjs.org/picomatch/-/picomatch-4.0.4.tgz 1191ms (cache miss)
1072 http fetch GET 200 https://registry.npmjs.org/vue-tsc/-/vue-tsc-3.2.7.tgz 1207ms (cache miss)
1073 http fetch GET 200 https://registry.npmjs.org/@rollup/rollup-win32-x64-msvc/-/rollup-win32-x64-msvc-4.60.2.tgz 1237ms (cache miss)
1074 http fetch GET 200 https://registry.npmjs.org/@rolldown/pluginutils/-/pluginutils-1.0.0-rc.13.tgz 1232ms (cache miss)
1075 http fetch GET 200 https://registry.npmjs.org/undici-types/-/undici-types-7.16.0.tgz 1255ms (cache miss)
1076 http fetch GET 200 https://registry.npmjs.org/vue-router/-/vue-router-4.6.4.tgz 1299ms (cache miss)
1077 http fetch GET 200 https://registry.npmjs.org/rollup/-/rollup-4.60.2.tgz 1327ms (cache miss)
1078 http fetch GET 200 https://registry.npmjs.org/estree-walker/-/estree-walker-2.0.2.tgz 1334ms (cache miss)
1079 http fetch GET 200 https://registry.npmjs.org/estree-walker/-/estree-walker-2.0.2.tgz 1342ms (cache miss)
1080 http fetch GET 200 https://registry.npmjs.org/@vitejs/plugin-vue/-/plugin-vue-6.0.6.tgz 1380ms (cache miss)
1081 http fetch GET 200 https://registry.npmjs.org/@vue/tsconfig/-/tsconfig-0.8.1.tgz 1500ms (cache miss)
1082 http fetch GET 200 https://registry.npmjs.org/vitest/-/vitest-3.2.4.tgz 1837ms (cache miss)
1083 http fetch GET 200 https://registry.npmjs.org/vue/-/vue-3.5.33.tgz 1844ms (cache miss)
1084 http fetch GET 200 https://registry.npmjs.org/vite/-/vite-7.3.2.tgz 2018ms (cache miss)
1085 http fetch GET 200 https://registry.npmjs.org/@types/node/-/node-24.12.2.tgz 2074ms (cache miss)
1086 http fetch GET 200 https://registry.npmjs.org/@esbuild/win32-x64/-/win32-x64-0.27.7.tgz 3400ms (cache miss)
1087 http fetch GET 200 https://registry.npmjs.org/typescript/-/typescript-5.9.3.tgz 3834ms (cache miss)
1088 info run esbuild@0.27.7 postinstall node_modules/esbuild node install.js
1089 info run esbuild@0.27.7 postinstall { code: 'EPERM', signal: undefined }
1090 verbose stack Error: spawn EPERM
1090 verbose stack     at ChildProcess.spawn (node:internal/child_process:421:11)
1090 verbose stack     at spawn (node:child_process:796:9)
1090 verbose stack     at promiseSpawn (E:\NODEJS\node_modules\npm\node_modules\@npmcli\promise-spawn\lib\index.js:39:16)
1090 verbose stack     at spawnWithShell (E:\NODEJS\node_modules\npm\node_modules\@npmcli\promise-spawn\lib\index.js:124:10)
1090 verbose stack     at promiseSpawn (E:\NODEJS\node_modules\npm\node_modules\@npmcli\promise-spawn\lib\index.js:12:12)
1090 verbose stack     at runScriptPkg (E:\NODEJS\node_modules\npm\node_modules\@npmcli\run-script\lib\run-script-pkg.js:79:13)
1090 verbose stack     at runScript (E:\NODEJS\node_modules\npm\node_modules\@npmcli\run-script\lib\run-script.js:9:12)
1090 verbose stack     at E:\NODEJS\node_modules\npm\node_modules\@npmcli\arborist\lib\arborist\rebuild.js:332:17
1090 verbose stack     at run (E:\NODEJS\node_modules\npm\node_modules\promise-call-limit\dist\commonjs\index.js:67:22)
1090 verbose stack     at E:\NODEJS\node_modules\npm\node_modules\promise-call-limit\dist\commonjs\index.js:84:9
1091 error code EPERM
1092 error syscall spawn
1093 error errno -4048
1094 error Error: spawn EPERM
1094 error     at ChildProcess.spawn (node:internal/child_process:421:11)
1094 error     at spawn (node:child_process:796:9)
1094 error     at promiseSpawn (E:\NODEJS\node_modules\npm\node_modules\@npmcli\promise-spawn\lib\index.js:39:16)
1094 error     at spawnWithShell (E:\NODEJS\node_modules\npm\node_modules\@npmcli\promise-spawn\lib\index.js:124:10)
1094 error     at promiseSpawn (E:\NODEJS\node_modules\npm\node_modules\@npmcli\promise-spawn\lib\index.js:12:12)
1094 error     at runScriptPkg (E:\NODEJS\node_modules\npm\node_modules\@npmcli\run-script\lib\run-script-pkg.js:79:13)
1094 error     at runScript (E:\NODEJS\node_modules\npm\node_modules\@npmcli\run-script\lib\run-script.js:9:12)
1094 error     at E:\NODEJS\node_modules\npm\node_modules\@npmcli\arborist\lib\arborist\rebuild.js:332:17
1094 error     at run (E:\NODEJS\node_modules\npm\node_modules\promise-call-limit\dist\commonjs\index.js:67:22)
1094 error     at E:\NODEJS\node_modules\npm\node_modules\promise-call-limit\dist\commonjs\index.js:84:9 {
1094 error   errno: -4048,
1094 error   code: 'EPERM',
1094 error   syscall: 'spawn'
1094 error }
1095 error
1095 error The operation was rejected by your operating system.
1095 error It's possible that the file was already in use (by a text editor or antivirus),
1095 error or that you lack permissions to access it.
1095 error
1095 error If you believe this might be a permissions issue, please double-check the
1095 error permissions of the file and its containing directories, or try running
1095 error the command again as root/Administrator.
1096 silly unfinished npm timer reify 1777812640799
1097 silly unfinished npm timer reify:build 1777812677801
1098 silly unfinished npm timer build 1777812677801
1099 silly unfinished npm timer build:deps 1777812677802
1100 silly unfinished npm timer build:run:postinstall 1777812677828
1101 silly unfinished npm timer build:run:postinstall:node_modules/esbuild 1777812677828
1102 verbose cwd E:\Vibe-coding\PersonalWebsite
1103 verbose os Windows_NT 10.0.26100
1104 verbose node v24.12.0
1105 verbose npm  v11.6.2
1106 notice
1106 notice New minor version of npm available! 11.6.2 -> 11.13.0
1106 notice Changelog: https://github.com/npm/cli/releases/tag/v11.13.0
1106 notice To update run: npm install -g npm@11.13.0
1106 notice  { force: true, Symbol(proc-log.meta): true }
1107 verbose exit -4048
1108 verbose code -4048
1109 error A complete log of this run can be found in: E:\Vibe-coding\PersonalWebsite\.npm-cache-local\_logs\2026-05-03T12_50_39_941Z-debug-0.log
